x-axis,1,3
second,Volt,Volt
-51.00000E-03,,
-50.95000E-03,,
-50.90000E-03,-4.48493E-03,-9.89130674E+00
-50.85000E-03,-8.90704E-03,-9.99180926E+00
-50.80000E-03,-6.89699E-03,-9.69030172E+00
-50.75000E-03,-8.90704E-03,-9.79080423E+00
-50.70000E-03,-6.09297E-03,-10.09231177E+00
-50.65000E-03,-5.69096E-03,-9.79080423E+00
-50.60000E-03,-5.69096E-03,-10.49432182E+00
-50.55000E-03,-6.49498E-03,-10.49432182E+00
-50.50000E-03,-5.28895E-03,-10.09231177E+00
-50.45000E-03,-7.29900E-03,-10.49432182E+00
-50.40000E-03,-8.10302E-03,-10.09231177E+00
-50.35000E-03,-6.49498E-03,-10.49432182E+00
-50.30000E-03,-6.89699E-03,-10.49432182E+00
-50.25000E-03,-6.49498E-03,-10.79582936E+00
-50.20000E-03,-6.89699E-03,-10.59482434E+00
-50.15000E-03,-7.70101E-03,-10.49432182E+00
-50.10000E-03,-4.08292E-03,-10.79582936E+00
-50.05000E-03,-6.89699E-03,-10.79582936E+00
-50.00000E-03,-5.28895E-03,-10.69532685E+00
-49.95000E-03,-8.10302E-03,-10.39381931E+00
-49.90000E-03,-7.29900E-03,-10.89633188E+00
-49.85000E-03,-6.49498E-03,-10.59482434E+00
-49.80000E-03,-6.89699E-03,-10.89633188E+00
-49.75000E-03,-5.69096E-03,-10.59482434E+00
-49.70000E-03,-9.71106E-03,-10.99683439E+00
-49.65000E-03,-7.29900E-03,-11.19783942E+00
-49.60000E-03,-8.90704E-03,-10.99683439E+00
-49.55000E-03,-9.30905E-03,-10.99683439E+00
-49.50000E-03,-6.09297E-03,-11.19783942E+00
-49.45000E-03,-5.28895E-03,-10.79582936E+00
-49.40000E-03,-6.49498E-03,-10.99683439E+00
-49.35000E-03,-9.30905E-03,-11.59984947E+00
-49.30000E-03,-8.50503E-03,-10.99683439E+00
-49.25000E-03,-8.10302E-03,-11.29834193E+00
-49.20000E-03,-6.49498E-03,-11.19783942E+00
-49.15000E-03,-7.29900E-03,-11.29834193E+00
-49.10000E-03,-4.88694E-03,-10.99683439E+00
-49.05000E-03,-4.88694E-03,-10.89633188E+00
-49.00000E-03,-8.10302E-03,-11.29834193E+00
-48.95000E-03,-7.70101E-03,-10.99683439E+00
-48.90000E-03,-6.09297E-03,-11.19783942E+00
-48.85000E-03,-6.49498E-03,-10.69532685E+00
-48.80000E-03,-8.50503E-03,-10.79582936E+00
-48.75000E-03,-8.90704E-03,-10.89633188E+00
-48.70000E-03,-4.88694E-03,-10.89633188E+00
-48.65000E-03,-5.28895E-03,-10.89633188E+00
-48.60000E-03,-7.29900E-03,-10.49432182E+00
-48.55000E-03,-7.29900E-03,-10.89633188E+00
-48.50000E-03,-7.29900E-03,-10.59482434E+00
-48.45000E-03,-6.89699E-03,-10.59482434E+00
-48.40000E-03,-6.09297E-03,-10.49432182E+00
-48.35000E-03,-6.89699E-03,-10.29331680E+00
-48.30000E-03,-7.29900E-03,-10.49432182E+00
-48.25000E-03,-7.70101E-03,-10.39381931E+00
-48.20000E-03,-9.30905E-03,-10.29331680E+00
-48.15000E-03,-6.49498E-03,-10.09231177E+00
-48.10000E-03,-7.70101E-03,-10.19281428E+00
-48.05000E-03,-4.88694E-03,-10.09231177E+00
-48.00000E-03,-6.09297E-03,-10.19281428E+00
-47.95000E-03,-7.29900E-03,-9.69030172E+00
-47.90000E-03,-8.10302E-03,-9.89130674E+00
-47.85000E-03,-8.90704E-03,-10.49432182E+00
-47.80000E-03,-6.09297E-03,-10.09231177E+00
-47.75000E-03,-4.08292E-03,-10.09231177E+00
-47.70000E-03,-6.89699E-03,-10.09231177E+00
-47.65000E-03,-6.89699E-03,-9.79080423E+00
-47.60000E-03,-6.49498E-03,-10.09231177E+00
-47.55000E-03,-8.10302E-03,-9.69030172E+00
-47.50000E-03,-7.29900E-03,-9.69030172E+00
-47.45000E-03,-7.70101E-03,-9.79080423E+00
-47.40000E-03,-6.89699E-03,-9.69030172E+00
-47.35000E-03,-7.70101E-03,-9.69030172E+00
-47.30000E-03,-5.28895E-03,-9.79080423E+00
-47.25000E-03,-6.49498E-03,-9.79080423E+00
-47.20000E-03,-8.10302E-03,-9.38879418E+00
-47.15000E-03,-8.90704E-03,-9.69030172E+00
-47.10000E-03,-8.90704E-03,-9.69030172E+00
-47.05000E-03,-5.28895E-03,-9.28829166E+00
-47.00000E-03,-7.70101E-03,-9.38879418E+00
-46.95000E-03,-7.29900E-03,-9.28829166E+00
-46.90000E-03,-7.70101E-03,-9.28829166E+00
-46.85000E-03,-8.10302E-03,-9.38879418E+00
-46.80000E-03,-9.30905E-03,-9.28829166E+00
-46.75000E-03,-6.09297E-03,-9.08728664E+00
-46.70000E-03,-5.28895E-03,-9.18778915E+00
-46.65000E-03,-6.89699E-03,-8.78577910E+00
-46.60000E-03,-7.70101E-03,-9.48929669E+00
-46.55000E-03,-4.08292E-03,-8.68527658E+00
-46.50000E-03,-6.49498E-03,-8.78577910E+00
-46.45000E-03,-6.89699E-03,-9.18778915E+00
-46.40000E-03,-6.89699E-03,-8.98678412E+00
-46.35000E-03,-7.70101E-03,-9.28829166E+00
-46.30000E-03,-10.11307E-03,-9.08728664E+00
-46.25000E-03,-5.69096E-03,-8.78577910E+00
-46.20000E-03,-7.29900E-03,-8.48427156E+00
-46.15000E-03,-4.88694E-03,-8.88628161E+00
-46.10000E-03,-7.29900E-03,-8.78577910E+00
-46.05000E-03,-7.70101E-03,-8.88628161E+00
-46.00000E-03,-7.29900E-03,-8.78577910E+00
-45.95000E-03,-6.89699E-03,-8.48427156E+00
-45.90000E-03,-7.29900E-03,-9.08728664E+00
-45.85000E-03,-10.11307E-03,-8.78577910E+00
-45.80000E-03,-4.48493E-03,-8.08226150E+00
-45.75000E-03,-6.49498E-03,-8.48427156E+00
-45.70000E-03,-5.69096E-03,-8.38376904E+00
-45.65000E-03,-6.49498E-03,-8.48427156E+00
-45.60000E-03,-7.29900E-03,-8.58477407E+00
-45.55000E-03,-7.29900E-03,-8.18276402E+00
-45.50000E-03,-7.29900E-03,-8.18276402E+00
-45.45000E-03,-5.28895E-03,-8.18276402E+00
-45.40000E-03,-6.49498E-03,-8.38376904E+00
-45.35000E-03,-6.09297E-03,-8.18276402E+00
-45.30000E-03,-9.71106E-03,-8.08226150E+00
-45.25000E-03,-5.69096E-03,-8.08226150E+00
-45.20000E-03,-6.49498E-03,-8.18276402E+00
-45.15000E-03,-8.50503E-03,-7.88125648E+00
-45.10000E-03,-8.10302E-03,-8.08226150E+00
-45.05000E-03,-4.08292E-03,-7.78075396E+00
-45.00000E-03,-8.50503E-03,-8.08226150E+00
-44.95000E-03,-5.28895E-03,-7.98175899E+00
-44.90000E-03,-6.49498E-03,-8.08226150E+00
-44.85000E-03,-7.29900E-03,-7.68025145E+00
-44.80000E-03,-7.29900E-03,-7.57974894E+00
-44.75000E-03,-6.89699E-03,-7.68025145E+00
-44.70000E-03,-7.29900E-03,-7.68025145E+00
-44.65000E-03,-9.30905E-03,-7.27824140E+00
-44.60000E-03,-6.09297E-03,-7.47924642E+00
-44.55000E-03,-4.08292E-03,-7.27824140E+00
-44.50000E-03,-6.09297E-03,-7.27824140E+00
-44.45000E-03,-8.90704E-03,-7.37874391E+00
-44.40000E-03,-6.49498E-03,-7.27824140E+00
-44.35000E-03,-4.48493E-03,-7.27824140E+00
-44.30000E-03,-5.28895E-03,-7.37874391E+00
-44.25000E-03,-7.29900E-03,-7.27824140E+00
-44.20000E-03,-5.28895E-03,-7.27824140E+00
-44.15000E-03,-8.10302E-03,-7.37874391E+00
-44.10000E-03,-6.09297E-03,-6.87623134E+00
-44.05000E-03,-6.09297E-03,-6.87623134E+00
-44.00000E-03,-8.90704E-03,-7.07723637E+00
-43.95000E-03,-6.89699E-03,-7.17773888E+00
-43.90000E-03,-7.70101E-03,-7.17773888E+00
-43.85000E-03,-5.69096E-03,-7.17773888E+00
-43.80000E-03,-6.09297E-03,-7.17773888E+00
-43.75000E-03,-8.90704E-03,-6.77572883E+00
-43.70000E-03,-8.50503E-03,-6.87623134E+00
-43.65000E-03,-6.49498E-03,-6.87623134E+00
-43.60000E-03,-6.49498E-03,-6.77572883E+00
-43.55000E-03,-7.29900E-03,-6.87623134E+00
-43.50000E-03,-8.10302E-03,-6.77572883E+00
-43.45000E-03,-7.70101E-03,-6.77572883E+00
-43.40000E-03,-5.69096E-03,-6.47422129E+00
-43.35000E-03,-4.88694E-03,-6.37371878E+00
-43.30000E-03,-6.49498E-03,-6.77572883E+00
-43.25000E-03,-7.70101E-03,-6.07221124E+00
-43.20000E-03,-8.10302E-03,-6.47422129E+00
-43.15000E-03,-7.29900E-03,-6.47422129E+00
-43.10000E-03,-7.29900E-03,-6.27321626E+00
-43.05000E-03,-7.29900E-03,-6.17271375E+00
-43.00000E-03,-7.29900E-03,-6.07221124E+00
-42.95000E-03,-6.89699E-03,-6.47422129E+00
-42.90000E-03,-4.88694E-03,-5.87120621E+00
-42.85000E-03,-6.89699E-03,-5.77070370E+00
-42.80000E-03,-5.69096E-03,-6.27321626E+00
-42.75000E-03,-6.09297E-03,-5.77070370E+00
-42.70000E-03,-7.29900E-03,-5.67020118E+00
-42.65000E-03,-6.49498E-03,-5.97170872E+00
-42.60000E-03,-5.28895E-03,-6.07221124E+00
-42.55000E-03,-6.09297E-03,-6.07221124E+00
-42.50000E-03,-6.89699E-03,-5.77070370E+00
-42.45000E-03,-9.30905E-03,-5.67020118E+00
-42.40000E-03,-6.89699E-03,-5.87120621E+00
-42.35000E-03,-5.69096E-03,-5.67020118E+00
-42.30000E-03,-8.50503E-03,-5.67020118E+00
-42.25000E-03,-8.10302E-03,-5.67020118E+00
-42.20000E-03,-8.50503E-03,-6.27321626E+00
-42.15000E-03,-7.29900E-03,-5.56969867E+00
-42.10000E-03,-7.70101E-03,-5.56969867E+00
-42.05000E-03,-4.08292E-03,-5.77070370E+00
-42.00000E-03,-6.09297E-03,-5.67020118E+00
-41.95000E-03,-6.09297E-03,-5.56969867E+00
-41.90000E-03,-8.10302E-03,-5.26819113E+00
-41.85000E-03,-9.30905E-03,-5.26819113E+00
-41.80000E-03,-8.50503E-03,-5.46919616E+00
-41.75000E-03,-6.89699E-03,-5.16768862E+00
-41.70000E-03,-7.70101E-03,-5.36869364E+00
-41.65000E-03,-8.50503E-03,-5.26819113E+00
-41.60000E-03,-7.70101E-03,-5.16768862E+00
-41.55000E-03,-7.70101E-03,-4.96668359E+00
-41.50000E-03,-7.70101E-03,-5.46919616E+00
-41.45000E-03,-5.69096E-03,-5.16768862E+00
-41.40000E-03,-6.49498E-03,-4.66517605E+00
-41.35000E-03,-6.09297E-03,-4.76567856E+00
-41.30000E-03,-6.89699E-03,-5.06718610E+00
-41.25000E-03,-7.29900E-03,-5.16768862E+00
-41.20000E-03,-10.11307E-03,-4.86618108E+00
-41.15000E-03,-8.10302E-03,-4.36366851E+00
-41.10000E-03,-9.71106E-03,-4.66517605E+00
-41.05000E-03,-7.70101E-03,-4.56467354E+00
-41.00000E-03,-7.70101E-03,-4.06216097E+00
-40.95000E-03,-8.90704E-03,-4.46417102E+00
-40.90000E-03,-4.08292E-03,-4.16266348E+00
-40.85000E-03,-9.30905E-03,-4.76567856E+00
-40.80000E-03,-5.69096E-03,-4.36366851E+00
-40.75000E-03,-6.49498E-03,-4.26316600E+00
-40.70000E-03,-4.88694E-03,-4.46417102E+00
-40.65000E-03,-5.28895E-03,-4.46417102E+00
-40.60000E-03,-7.29900E-03,-4.16266348E+00
-40.55000E-03,-7.70101E-03,-4.36366851E+00
-40.50000E-03,-8.10302E-03,-4.06216097E+00
-40.45000E-03,-5.69096E-03,-4.36366851E+00
-40.40000E-03,-7.70101E-03,-4.16266348E+00
-40.35000E-03,-6.09297E-03,-4.06216097E+00
-40.30000E-03,-8.90704E-03,-3.76065343E+00
-40.25000E-03,-8.10302E-03,-4.06216097E+00
-40.20000E-03,-6.89699E-03,-3.76065343E+00
-40.15000E-03,-10.51508E-03,-4.36366851E+00
-40.10000E-03,-8.10302E-03,-4.06216097E+00
-40.05000E-03,-8.10302E-03,-3.66015092E+00
-40.00000E-03,-7.29900E-03,-4.06216097E+00
-39.95000E-03,-5.69096E-03,-3.96165846E+00
-39.90000E-03,-9.30905E-03,-3.96165846E+00
-39.85000E-03,-7.29900E-03,-3.66015092E+00
-39.80000E-03,-7.29900E-03,-3.76065343E+00
-39.75000E-03,-9.30905E-03,-3.55964840E+00
-39.70000E-03,-7.29900E-03,-3.86115594E+00
-39.65000E-03,-7.70101E-03,-3.55964840E+00
-39.60000E-03,-10.11307E-03,-3.66015092E+00
-39.55000E-03,-7.29900E-03,-3.35864338E+00
-39.50000E-03,-7.70101E-03,-3.25814086E+00
-39.45000E-03,-6.09297E-03,-3.25814086E+00
-39.40000E-03,-6.89699E-03,-3.55964840E+00
-39.35000E-03,-8.10302E-03,-3.35864338E+00
-39.30000E-03,-7.70101E-03,-3.25814086E+00
-39.25000E-03,-7.70101E-03,-2.95663332E+00
-39.20000E-03,-6.49498E-03,-3.25814086E+00
-39.15000E-03,-7.70101E-03,-2.95663332E+00
-39.10000E-03,-8.10302E-03,-3.15763835E+00
-39.05000E-03,-8.10302E-03,-2.95663332E+00
-39.00000E-03,-7.70101E-03,-3.15763835E+00
-38.95000E-03,-6.89699E-03,-3.15763835E+00
-38.90000E-03,-8.90704E-03,-3.25814086E+00
-38.85000E-03,-9.30905E-03,-2.85613081E+00
-38.80000E-03,-8.10302E-03,-2.65512578E+00
-38.75000E-03,-7.70101E-03,-2.55462327E+00
-38.70000E-03,-8.10302E-03,-2.75562830E+00
-38.65000E-03,-6.09297E-03,-2.55462327E+00
-38.60000E-03,-6.09297E-03,-2.55462327E+00
-38.55000E-03,-5.28895E-03,-2.75562830E+00
-38.50000E-03,-8.90704E-03,-2.75562830E+00
-38.45000E-03,-8.90704E-03,-2.45412076E+00
-38.40000E-03,-8.10302E-03,-2.85613081E+00
-38.35000E-03,-8.90704E-03,-2.75562830E+00
-38.30000E-03,-9.30905E-03,-2.55462327E+00
-38.25000E-03,-9.30905E-03,-2.55462327E+00
-38.20000E-03,-7.70101E-03,-2.05211070E+00
-38.15000E-03,-6.49498E-03,-2.35361824E+00
-38.10000E-03,-4.48493E-03,-2.15261322E+00
-38.05000E-03,-7.29900E-03,-2.45412076E+00
-38.00000E-03,-7.29900E-03,-2.35361824E+00
-37.95000E-03,-10.11307E-03,-2.15261322E+00
-37.90000E-03,-4.08292E-03,-2.05211070E+00
-37.85000E-03,-5.28895E-03,-1.75060316E+00
-37.80000E-03,-7.29900E-03,-2.15261322E+00
-37.75000E-03,-7.29900E-03,-1.75060316E+00
-37.70000E-03,-8.10302E-03,-2.05211070E+00
-37.65000E-03,-8.90704E-03,-2.05211070E+00
-37.60000E-03,-8.50503E-03,-1.95160819E+00
-37.55000E-03,-8.50503E-03,-2.05211070E+00
-37.50000E-03,-7.29900E-03,-2.05211070E+00
-37.45000E-03,-8.50503E-03,-1.95160819E+00
-37.40000E-03,-7.29900E-03,-1.95160819E+00
-37.35000E-03,-7.70101E-03,-1.24809060E+00
-37.30000E-03,-8.50503E-03,-1.65010065E+00
-37.25000E-03,-8.10302E-03,-1.85110568E+00
-37.20000E-03,-7.70101E-03,-1.65010065E+00
-37.15000E-03,-7.70101E-03,-1.44909562E+00
-37.10000E-03,-6.89699E-03,-1.34859311E+00
-37.05000E-03,-8.10302E-03,-1.65010065E+00
-37.00000E-03,-10.11307E-03,-1.24809060E+00
-36.95000E-03,-8.10302E-03,-1.24809060E+00
-36.90000E-03,-8.10302E-03,-1.24809060E+00
-36.85000E-03,-9.30905E-03,-1.24809060E+00
-36.80000E-03,-7.29900E-03,-1.14758808E+00
-36.75000E-03,-4.88694E-03,-1.24809060E+00
-36.70000E-03,-9.71106E-03,-1.24809060E+00
-36.65000E-03,-6.89699E-03,-1.24809060E+00
-36.60000E-03,-6.49498E-03,-1.54959814E+00
-36.55000E-03,-9.30905E-03,-1.34859311E+00
-36.50000E-03,-9.30905E-03,-1.24809060E+00
-36.45000E-03,-6.49498E-03,-1.24809060E+00
-36.40000E-03,-7.70101E-03,-846.08054E-03
-36.35000E-03,-6.49498E-03,-645.07551E-03
-36.30000E-03,-6.09297E-03,-544.57300E-03
-36.25000E-03,-7.70101E-03,-846.08054E-03
-36.20000E-03,-8.50503E-03,-846.08054E-03
-36.15000E-03,-7.29900E-03,-946.58305E-03
-36.10000E-03,-4.88694E-03,-444.07049E-03
-36.05000E-03,-7.70101E-03,-444.07049E-03
-36.00000E-03,-9.71106E-03,-745.57803E-03
-35.95000E-03,-7.29900E-03,-846.08054E-03
-35.90000E-03,-10.11307E-03,-846.08054E-03
-35.85000E-03,-4.08292E-03,-846.08054E-03
-35.80000E-03,-6.49498E-03,-444.07049E-03
-35.75000E-03,-6.09297E-03,-343.56797E-03
-35.70000E-03,-6.89699E-03,-444.07049E-03
-35.65000E-03,-7.70101E-03,-444.07049E-03
-35.60000E-03,-7.70101E-03,-444.07049E-03
-35.55000E-03,-8.10302E-03,-42.06043E-03
-35.50000E-03,-5.28895E-03,-42.06043E-03
-35.45000E-03,-6.89699E-03,-343.56797E-03
-35.40000E-03,-6.49498E-03,-142.56295E-03
-35.35000E-03,-4.88694E-03,-243.06546E-03
-35.30000E-03,-6.09297E-03,-444.07049E-03
-35.25000E-03,-3.68091E-03,-343.56797E-03
-35.20000E-03,-6.49498E-03,+259.44711E-03
-35.15000E-03,-8.50503E-03,-243.06546E-03
-35.10000E-03,-4.88694E-03,-142.56295E-03
-35.05000E-03,-6.49498E-03,+58.44208E-03
-35.00000E-03,-7.70101E-03,+359.94962E-03
-34.95000E-03,-6.89699E-03,+259.44711E-03
-34.90000E-03,-6.49498E-03,+359.94962E-03
-34.85000E-03,-8.90704E-03,+58.44208E-03
-34.80000E-03,-4.88694E-03,+359.94962E-03
-34.75000E-03,-5.28895E-03,+460.45213E-03
-34.70000E-03,-8.90704E-03,+58.44208E-03
-34.65000E-03,-5.28895E-03,+359.94962E-03
-34.60000E-03,-4.88694E-03,+460.45213E-03
-34.55000E-03,-6.89699E-03,+862.46219E-03
-34.50000E-03,-6.09297E-03,+460.45213E-03
-34.45000E-03,-7.70101E-03,+359.94962E-03
-34.40000E-03,-6.09297E-03,+460.45213E-03
-34.35000E-03,-5.28895E-03,+761.95967E-03
-34.30000E-03,-5.69096E-03,+460.45213E-03
-34.25000E-03,-6.09297E-03,+661.45716E-03
-34.20000E-03,-5.28895E-03,+761.95967E-03
-34.15000E-03,-5.69096E-03,+661.45716E-03
-34.10000E-03,-6.49498E-03,+761.95967E-03
-34.05000E-03,-6.89699E-03,+761.95967E-03
-34.00000E-03,-6.49498E-03,+1.06346721E+00
-33.95000E-03,-9.30905E-03,+661.45716E-03
-33.90000E-03,-4.88694E-03,+962.96470E-03
-33.85000E-03,-4.48493E-03,+862.46219E-03
-33.80000E-03,-5.69096E-03,+761.95967E-03
-33.75000E-03,-4.48493E-03,+1.16396973E+00
-33.70000E-03,-4.48493E-03,+1.16396973E+00
-33.65000E-03,-4.88694E-03,+1.16396973E+00
-33.60000E-03,-5.28895E-03,+1.56597978E+00
-33.55000E-03,-3.27890E-03,+1.46547727E+00
-33.50000E-03,-4.08292E-03,+1.46547727E+00
-33.45000E-03,-5.69096E-03,+1.16396973E+00
-33.40000E-03,-4.48493E-03,+1.36497475E+00
-33.35000E-03,-3.68091E-03,+1.56597978E+00
-33.30000E-03,-3.27890E-03,+1.26447224E+00
-33.25000E-03,-3.27890E-03,+1.56597978E+00
-33.20000E-03,-2.87689E-03,+1.56597978E+00
-33.15000E-03,-4.48493E-03,+1.36497475E+00
-33.10000E-03,-4.08292E-03,+1.86748732E+00
-33.05000E-03,-3.27890E-03,+1.56597978E+00
-33.00000E-03,-2.87689E-03,+1.56597978E+00
-32.95000E-03,-2.47488E-03,+1.86748732E+00
-32.90000E-03,-2.47488E-03,+1.66648229E+00
-32.85000E-03,-1.67086E-03,+1.86748732E+00
-32.80000E-03,-4.08292E-03,+1.86748732E+00
-32.75000E-03,-4.48493E-03,+1.96798983E+00
-32.70000E-03,-2.07287E-03,+1.76698481E+00
-32.65000E-03,-2.07287E-03,+2.26949737E+00
-32.60000E-03,+741.21E-06,+2.36999989E+00
-32.55000E-03,-2.47488E-03,+1.96798983E+00
-32.50000E-03,-3.27890E-03,+2.26949737E+00
-32.45000E-03,+741.21E-06,+2.06849235E+00
-32.40000E-03,-866.84E-06,+1.86748732E+00
-32.35000E-03,+1.94724E-03,+2.16899486E+00
-32.30000E-03,+1.94724E-03,+2.06849235E+00
-32.25000E-03,+741.21E-06,+2.36999989E+00
-32.20000E-03,-1.26885E-03,+2.47050240E+00
-32.15000E-03,+3.95729E-03,+2.36999989E+00
-32.10000E-03,-62.81E-06,+2.26949737E+00
-32.05000E-03,+741.21E-06,+2.16899486E+00
-32.00000E-03,+1.94724E-03,+2.36999989E+00
-31.95000E-03,+2.34925E-03,+3.07351748E+00
-31.90000E-03,+2.34925E-03,+2.36999989E+00
-31.85000E-03,+1.14322E-03,+2.57100491E+00
-31.80000E-03,+5.96734E-03,+2.47050240E+00
-31.75000E-03,+1.54523E-03,+2.77200994E+00
-31.70000E-03,+2.34925E-03,+2.87251245E+00
-31.65000E-03,+1.94724E-03,+3.17401999E+00
-31.60000E-03,+4.76131E-03,+2.77200994E+00
-31.55000E-03,+3.55528E-03,+2.77200994E+00
-31.50000E-03,+3.95729E-03,+3.27452251E+00
-31.45000E-03,+5.96734E-03,+3.17401999E+00
-31.40000E-03,+4.76131E-03,+3.07351748E+00
-31.35000E-03,+6.77136E-03,+2.97301497E+00
-31.30000E-03,+4.35930E-03,+2.77200994E+00
-31.25000E-03,+5.16332E-03,+3.17401999E+00
-31.20000E-03,+6.77136E-03,+3.07351748E+00
-31.15000E-03,+10.79146E-03,+3.17401999E+00
-31.10000E-03,+9.18342E-03,+3.17401999E+00
-31.05000E-03,+10.38945E-03,+3.37502502E+00
-31.00000E-03,+7.97739E-03,+3.27452251E+00
-30.95000E-03,+8.37940E-03,+3.27452251E+00
-30.90000E-03,+8.78141E-03,+3.17401999E+00
-30.85000E-03,+10.79146E-03,+3.27452251E+00
-30.80000E-03,+12.39950E-03,+3.57603005E+00
-30.75000E-03,+10.79146E-03,+3.57603005E+00
-30.70000E-03,+12.80151E-03,+3.57603005E+00
-30.65000E-03,+11.59548E-03,+3.57603005E+00
-30.60000E-03,+16.01759E-03,+3.57603005E+00
-30.55000E-03,+14.81156E-03,+3.77703507E+00
-30.50000E-03,+14.81156E-03,+3.87753759E+00
-30.45000E-03,+18.02764E-03,+3.57603005E+00
-30.40000E-03,+17.22362E-03,+3.67653256E+00
-30.35000E-03,+21.24372E-03,+3.97804010E+00
-30.30000E-03,+18.42965E-03,+3.87753759E+00
-30.25000E-03,+20.84171E-03,+3.57603005E+00
-30.20000E-03,+23.65578E-03,+3.97804010E+00
-30.15000E-03,+23.25377E-03,+3.97804010E+00
-30.10000E-03,+25.26382E-03,+4.58105518E+00
-30.05000E-03,+26.46985E-03,+4.27954764E+00
-30.00000E-03,+26.87186E-03,+3.97804010E+00
-29.95000E-03,+29.28392E-03,+4.17904513E+00
-29.90000E-03,+31.29397E-03,+3.97804010E+00
-29.85000E-03,+30.89196E-03,+4.38005015E+00
-29.80000E-03,+31.29397E-03,+4.48055267E+00
-29.75000E-03,+34.91206E-03,+4.68155769E+00
-29.70000E-03,+36.11809E-03,+4.68155769E+00
-29.65000E-03,+37.32412E-03,+4.27954764E+00
-29.60000E-03,+42.14824E-03,+4.48055267E+00
-29.55000E-03,+41.34422E-03,+4.68155769E+00
-29.50000E-03,+42.14824E-03,+4.78206021E+00
-29.45000E-03,+43.75628E-03,+4.48055267E+00
-29.40000E-03,+44.96231E-03,+4.68155769E+00
-29.35000E-03,+46.57035E-03,+4.78206021E+00
-29.30000E-03,+44.15829E-03,+4.68155769E+00
-29.25000E-03,+46.97236E-03,+4.38005015E+00
-29.20000E-03,+46.97236E-03,+4.48055267E+00
-29.15000E-03,+44.56030E-03,+4.68155769E+00
-29.10000E-03,+45.36432E-03,+4.48055267E+00
-29.05000E-03,+43.35427E-03,+4.58105518E+00
-29.00000E-03,+46.16834E-03,+5.18407026E+00
-28.95000E-03,+40.54020E-03,+4.78206021E+00
-28.90000E-03,+41.34422E-03,+4.88256272E+00
-28.85000E-03,+33.70603E-03,+4.88256272E+00
-28.80000E-03,+34.91206E-03,+4.88256272E+00
-28.75000E-03,+32.50000E-03,+5.08356775E+00
-28.70000E-03,+32.09799E-03,+5.18407026E+00
-28.65000E-03,+26.87186E-03,+4.88256272E+00
-28.60000E-03,+23.65578E-03,+5.18407026E+00
-28.55000E-03,+21.64573E-03,+5.08356775E+00
-28.50000E-03,+18.42965E-03,+5.48557780E+00
-28.45000E-03,+16.41960E-03,+5.18407026E+00
-28.40000E-03,+16.41960E-03,+5.58608031E+00
-28.35000E-03,+13.20352E-03,+5.18407026E+00
-28.30000E-03,+7.57538E-03,+5.28457277E+00
-28.25000E-03,+5.56533E-03,+5.48557780E+00
-28.20000E-03,+5.56533E-03,+5.58608031E+00
-28.15000E-03,+6.36935E-03,+5.58608031E+00
-28.10000E-03,+4.35930E-03,+5.28457277E+00
-28.05000E-03,+2.34925E-03,+5.58608031E+00
-28.00000E-03,+1.94724E-03,+5.58608031E+00
-27.95000E-03,-62.81E-06,+5.28457277E+00
-27.90000E-03,-2.47488E-03,+5.98809037E+00
-27.85000E-03,-464.82E-06,+5.58608031E+00
-27.80000E-03,-1.67086E-03,+5.68658283E+00
-27.75000E-03,+741.21E-06,+6.08859288E+00
-27.70000E-03,-2.87689E-03,+6.08859288E+00
-27.65000E-03,-2.47488E-03,+5.78708534E+00
-27.60000E-03,-5.69096E-03,+5.88758785E+00
-27.55000E-03,-4.88694E-03,+5.98809037E+00
-27.50000E-03,-4.08292E-03,+5.98809037E+00
-27.45000E-03,-3.68091E-03,+5.98809037E+00
-27.40000E-03,-3.27890E-03,+6.08859288E+00
-27.35000E-03,-4.88694E-03,+6.28959791E+00
-27.30000E-03,-3.68091E-03,+6.18909539E+00
-27.25000E-03,-6.49498E-03,+6.49060293E+00
-27.20000E-03,-3.68091E-03,+6.69160796E+00
-27.15000E-03,-7.29900E-03,+6.28959791E+00
-27.10000E-03,-4.48493E-03,+6.39010042E+00
-27.05000E-03,-5.28895E-03,+6.89261299E+00
-27.00000E-03,-4.88694E-03,+6.49060293E+00
-26.95000E-03,-5.28895E-03,+6.49060293E+00
-26.90000E-03,-7.29900E-03,+6.18909539E+00
-26.85000E-03,-6.89699E-03,+6.39010042E+00
-26.80000E-03,-6.09297E-03,+6.69160796E+00
-26.75000E-03,-7.29900E-03,+6.49060293E+00
-26.70000E-03,-7.29900E-03,+6.69160796E+00
-26.65000E-03,-4.88694E-03,+7.19412053E+00
-26.60000E-03,-7.70101E-03,+7.09361801E+00
-26.55000E-03,-7.29900E-03,+6.99311550E+00
-26.50000E-03,-8.90704E-03,+7.09361801E+00
-26.45000E-03,-7.70101E-03,+6.79211047E+00
-26.40000E-03,-8.10302E-03,+6.89261299E+00
-26.35000E-03,-4.88694E-03,+7.09361801E+00
-26.30000E-03,-5.69096E-03,+7.19412053E+00
-26.25000E-03,-5.28895E-03,+7.09361801E+00
-26.20000E-03,-7.70101E-03,+6.89261299E+00
-26.15000E-03,-6.09297E-03,+6.89261299E+00
-26.10000E-03,-8.90704E-03,+7.19412053E+00
-26.05000E-03,-7.70101E-03,+7.19412053E+00
-26.00000E-03,-7.70101E-03,+7.59613058E+00
-25.95000E-03,-6.89699E-03,+7.19412053E+00
-25.90000E-03,-10.11307E-03,+7.59613058E+00
-25.85000E-03,-7.29900E-03,+7.29462304E+00
-25.80000E-03,-8.50503E-03,+7.29462304E+00
-25.75000E-03,-6.49498E-03,+7.59613058E+00
-25.70000E-03,-6.89699E-03,+7.49562807E+00
-25.65000E-03,-7.70101E-03,+7.99814063E+00
-25.60000E-03,-6.49498E-03,+7.59613058E+00
-25.55000E-03,-7.70101E-03,+7.69663309E+00
-25.50000E-03,-7.70101E-03,+7.29462304E+00
-25.45000E-03,-6.09297E-03,+7.79713561E+00
-25.40000E-03,-6.49498E-03,+7.99814063E+00
-25.35000E-03,-7.70101E-03,+7.59613058E+00
-25.30000E-03,-5.69096E-03,+7.89763812E+00
-25.25000E-03,-8.50503E-03,+7.89763812E+00
-25.20000E-03,-7.70101E-03,+7.89763812E+00
-25.15000E-03,-8.90704E-03,+7.89763812E+00
-25.10000E-03,-5.69096E-03,+7.99814063E+00
-25.05000E-03,-4.88694E-03,+7.99814063E+00
-25.00000E-03,-8.50503E-03,+8.29964817E+00
-24.95000E-03,-7.70101E-03,+8.40015069E+00
-24.90000E-03,-8.50503E-03,+8.40015069E+00
-24.85000E-03,-7.70101E-03,+8.29964817E+00
-24.80000E-03,-5.28895E-03,+8.40015069E+00
-24.75000E-03,-8.50503E-03,+8.40015069E+00
-24.70000E-03,-7.29900E-03,+8.40015069E+00
-24.65000E-03,-6.09297E-03,+8.70165823E+00
-24.60000E-03,-5.28895E-03,+8.50065320E+00
-24.55000E-03,-6.09297E-03,+8.60115571E+00
-24.50000E-03,-4.48493E-03,+8.70165823E+00
-24.45000E-03,-8.10302E-03,+8.50065320E+00
-24.40000E-03,-8.10302E-03,+8.40015069E+00
-24.35000E-03,-8.90704E-03,+8.70165823E+00
-24.30000E-03,-3.68091E-03,+8.80216074E+00
-24.25000E-03,-8.50503E-03,+8.40015069E+00
-24.20000E-03,-7.29900E-03,+8.80216074E+00
-24.15000E-03,-7.70101E-03,+8.80216074E+00
-24.10000E-03,-7.70101E-03,+9.20417079E+00
-24.05000E-03,-10.11307E-03,+8.80216074E+00
-24.00000E-03,-6.49498E-03,+9.10366828E+00
-23.95000E-03,-6.49498E-03,+8.80216074E+00
-23.90000E-03,-4.88694E-03,+8.90266325E+00
-23.85000E-03,-6.09297E-03,+8.90266325E+00
-23.80000E-03,-8.90704E-03,+9.00316577E+00
-23.75000E-03,-7.29900E-03,+8.90266325E+00
-23.70000E-03,-6.09297E-03,+9.20417079E+00
-23.65000E-03,-8.90704E-03,+9.60618085E+00
-23.60000E-03,-6.89699E-03,+9.30467331E+00
-23.55000E-03,-6.49498E-03,+9.50567833E+00
-23.50000E-03,-6.09297E-03,+8.90266325E+00
-23.45000E-03,-6.09297E-03,+9.30467331E+00
-23.40000E-03,-9.30905E-03,+9.20417079E+00
-23.35000E-03,-7.29900E-03,+9.30467331E+00
-23.30000E-03,-11.31910E-03,+9.60618085E+00
-23.25000E-03,-4.88694E-03,+9.60618085E+00
-23.20000E-03,-6.09297E-03,+9.80718587E+00
-23.15000E-03,-6.09297E-03,+9.60618085E+00
-23.10000E-03,-5.69096E-03,+9.60618085E+00
-23.05000E-03,-6.09297E-03,+9.60618085E+00
-23.00000E-03,-8.90704E-03,+9.60618085E+00
-22.95000E-03,-8.50503E-03,+9.60618085E+00
-22.90000E-03,-4.48493E-03,+10.00819090E+00
-22.85000E-03,-7.29900E-03,+9.70668336E+00
-22.80000E-03,-7.70101E-03,+10.00819090E+00
-22.75000E-03,-4.88694E-03,+10.00819090E+00
-22.70000E-03,-8.50503E-03,+10.00819090E+00
-22.65000E-03,-6.49498E-03,+10.10869341E+00
-22.60000E-03,-6.09297E-03,+10.10869341E+00
-22.55000E-03,-6.89699E-03,+9.90768839E+00
-22.50000E-03,-6.49498E-03,+10.30969844E+00
-22.45000E-03,-5.28895E-03,+9.90768839E+00
-22.40000E-03,-6.49498E-03,+10.00819090E+00
-22.35000E-03,-6.89699E-03,+10.41020095E+00
-22.30000E-03,-7.70101E-03,+10.00819090E+00
-22.25000E-03,-6.49498E-03,+10.41020095E+00
-22.20000E-03,-4.48493E-03,+10.30969844E+00
-22.15000E-03,-6.89699E-03,+10.71170849E+00
-22.10000E-03,-6.09297E-03,+10.61120598E+00
-22.05000E-03,-6.09297E-03,+10.30969844E+00
-22.00000E-03,-8.90704E-03,+10.41020095E+00
-21.95000E-03,-6.09297E-03,+10.61120598E+00
-21.90000E-03,-8.90704E-03,+10.41020095E+00
-21.85000E-03,-8.50503E-03,+10.41020095E+00
-21.80000E-03,-7.70101E-03,+10.51070347E+00
-21.75000E-03,-7.70101E-03,+10.61120598E+00
-21.70000E-03,-6.49498E-03,+10.41020095E+00
-21.65000E-03,-6.09297E-03,+11.11371855E+00
-21.60000E-03,-8.10302E-03,+10.91271352E+00
-21.55000E-03,-7.70101E-03,+10.81221101E+00
-21.50000E-03,-6.89699E-03,+10.81221101E+00
-21.45000E-03,-5.69096E-03,+10.81221101E+00
-21.40000E-03,-8.50503E-03,+10.81221101E+00
-21.35000E-03,-8.90704E-03,+11.21422106E+00
-21.30000E-03,-6.09297E-03,+11.21422106E+00
-21.25000E-03,-8.10302E-03,+10.91271352E+00
-21.20000E-03,-8.10302E-03,+11.31472357E+00
-21.15000E-03,-4.88694E-03,+11.11371855E+00
-21.10000E-03,-7.29900E-03,+11.11371855E+00
-21.05000E-03,-8.50503E-03,+10.91271352E+00
-21.00000E-03,-7.70101E-03,+11.61623111E+00
-20.95000E-03,-6.49498E-03,+11.31472357E+00
-20.90000E-03,-9.71106E-03,+11.51572860E+00
-20.85000E-03,-5.69096E-03,+10.91271352E+00
-20.80000E-03,-6.09297E-03,+11.61623111E+00
-20.75000E-03,-9.71106E-03,+11.51572860E+00
-20.70000E-03,-7.70101E-03,+11.51572860E+00
-20.65000E-03,-7.70101E-03,+11.61623111E+00
-20.60000E-03,-8.50503E-03,+11.51572860E+00
-20.55000E-03,-8.10302E-03,+11.61623111E+00
-20.50000E-03,-6.09297E-03,+11.41522609E+00
-20.45000E-03,-6.89699E-03,+11.71673363E+00
-20.40000E-03,-9.30905E-03,+11.61623111E+00
-20.35000E-03,-8.90704E-03,+11.71673363E+00
-20.30000E-03,-6.09297E-03,+11.61623111E+00
-20.25000E-03,-5.69096E-03,+11.71673363E+00
-20.20000E-03,-7.70101E-03,+12.11874368E+00
-20.15000E-03,-7.70101E-03,+11.81723614E+00
-20.10000E-03,-8.10302E-03,+11.71673363E+00
-20.05000E-03,-5.28895E-03,+11.81723614E+00
-20.00000E-03,-7.70101E-03,+12.21924619E+00
-19.95000E-03,-7.70101E-03,+12.11874368E+00
-19.90000E-03,-8.10302E-03,+12.01824117E+00
-19.85000E-03,-8.50503E-03,+12.11874368E+00
-19.80000E-03,-8.50503E-03,+12.01824117E+00
-19.75000E-03,-7.70101E-03,+12.11874368E+00
-19.70000E-03,-6.49498E-03,+12.11874368E+00
-19.65000E-03,-6.49498E-03,+12.01824117E+00
-19.60000E-03,-5.69096E-03,+12.72175876E+00
-19.55000E-03,-6.49498E-03,+12.42025122E+00
-19.50000E-03,-6.49498E-03,+12.42025122E+00
-19.45000E-03,-6.09297E-03,+12.42025122E+00
-19.40000E-03,-5.69096E-03,+12.31974871E+00
-19.35000E-03,-8.90704E-03,+12.42025122E+00
-19.30000E-03,-6.49498E-03,+12.72175876E+00
-19.25000E-03,-6.49498E-03,+12.52075373E+00
-19.20000E-03,-9.30905E-03,+12.72175876E+00
-19.15000E-03,-8.90704E-03,+12.82226127E+00
-19.10000E-03,-9.30905E-03,+12.52075373E+00
-19.05000E-03,-7.29900E-03,+12.92276379E+00
-19.00000E-03,-7.29900E-03,+12.92276379E+00
-18.95000E-03,-8.90704E-03,+12.82226127E+00
-18.90000E-03,-7.70101E-03,+12.92276379E+00
-18.85000E-03,-4.48493E-03,+12.92276379E+00
-18.80000E-03,-6.89699E-03,+13.52577887E+00
-18.75000E-03,-6.89699E-03,+13.62628138E+00
-18.70000E-03,-5.69096E-03,+12.82226127E+00
-18.65000E-03,-6.09297E-03,+12.92276379E+00
-18.60000E-03,-7.29900E-03,+13.12376881E+00
-18.55000E-03,-5.69096E-03,+13.62628138E+00
-18.50000E-03,-7.29900E-03,+13.32477384E+00
-18.45000E-03,-5.28895E-03,+13.42527635E+00
-18.40000E-03,-6.89699E-03,+13.22427133E+00
-18.35000E-03,-4.88694E-03,+13.22427133E+00
-18.30000E-03,-6.89699E-03,+13.52577887E+00
-18.25000E-03,-6.89699E-03,+13.52577887E+00
-18.20000E-03,-7.70101E-03,+13.82728641E+00
-18.15000E-03,-9.30905E-03,+13.62628138E+00
-18.10000E-03,-4.08292E-03,+13.82728641E+00
-18.05000E-03,-9.71106E-03,+13.32477384E+00
-18.00000E-03,-3.27890E-03,+13.62628138E+00
-17.95000E-03,-5.28895E-03,+13.72678389E+00
-17.90000E-03,-4.08292E-03,+13.92778892E+00
-17.85000E-03,-4.88694E-03,+13.92778892E+00
-17.80000E-03,-4.88694E-03,+13.62628138E+00
-17.75000E-03,-5.69096E-03,+13.92778892E+00
-17.70000E-03,-3.27890E-03,+14.02829143E+00
-17.65000E-03,-4.88694E-03,+14.32979897E+00
-17.60000E-03,-7.29900E-03,+13.72678389E+00
-17.55000E-03,-3.68091E-03,+13.72678389E+00
-17.50000E-03,-7.29900E-03,+14.02829143E+00
-17.45000E-03,-4.08292E-03,+14.02829143E+00
-17.40000E-03,-3.27890E-03,+14.12879395E+00
-17.35000E-03,-4.08292E-03,+14.02829143E+00
-17.30000E-03,-4.48493E-03,+14.12879395E+00
-17.25000E-03,-2.07287E-03,+14.83231154E+00
-17.20000E-03,-6.09297E-03,+14.73180903E+00
-17.15000E-03,-3.68091E-03,+14.43030149E+00
-17.10000E-03,-1.67086E-03,+14.32979897E+00
-17.05000E-03,-3.27890E-03,+14.43030149E+00
-17.00000E-03,-3.27890E-03,+14.53080400E+00
-16.95000E-03,-2.87689E-03,+14.53080400E+00
-16.90000E-03,-4.48493E-03,+14.43030149E+00
-16.85000E-03,-5.28895E-03,+14.53080400E+00
-16.80000E-03,-1.26885E-03,+15.13381908E+00
-16.75000E-03,-4.88694E-03,+14.53080400E+00
-16.70000E-03,-1.67086E-03,+14.43030149E+00
-16.65000E-03,-62.81E-06,+14.53080400E+00
-16.60000E-03,-2.87689E-03,+14.83231154E+00
-16.55000E-03,-866.84E-06,+14.73180903E+00
-16.50000E-03,-464.82E-06,+15.33482411E+00
-16.45000E-03,-464.82E-06,+14.53080400E+00
-16.40000E-03,-1.67086E-03,+15.13381908E+00
-16.35000E-03,-464.82E-06,+15.23432159E+00
-16.30000E-03,+1.54523E-03,+14.83231154E+00
-16.25000E-03,+339.20E-06,+15.53582913E+00
-16.20000E-03,+1.54523E-03,+14.83231154E+00
-16.15000E-03,+2.34925E-03,+15.03331657E+00
-16.10000E-03,+1.94724E-03,+15.53582913E+00
-16.05000E-03,+1.94724E-03,+15.33482411E+00
-16.00000E-03,+1.14322E-03,+15.23432159E+00
-15.95000E-03,+4.35930E-03,+15.53582913E+00
-15.90000E-03,+3.15327E-03,+15.23432159E+00
-15.85000E-03,+3.55528E-03,+15.33482411E+00
-15.80000E-03,+3.55528E-03,+15.53582913E+00
-15.75000E-03,+5.16332E-03,+15.53582913E+00
-15.70000E-03,+5.16332E-03,+15.33482411E+00
-15.65000E-03,+5.16332E-03,+15.63633165E+00
-15.60000E-03,+4.76131E-03,+15.73683416E+00
-15.55000E-03,+7.97739E-03,+15.23432159E+00
-15.50000E-03,+7.97739E-03,+15.93783919E+00
-15.45000E-03,+6.36935E-03,+15.53582913E+00
-15.40000E-03,+7.97739E-03,+15.43532662E+00
-15.35000E-03,+7.97739E-03,+16.03834170E+00
-15.30000E-03,+8.78141E-03,+15.93783919E+00
-15.25000E-03,+8.78141E-03,+15.63633165E+00
-15.20000E-03,+9.98744E-03,+15.73683416E+00
-15.15000E-03,+7.57538E-03,+15.93783919E+00
-15.10000E-03,+11.59548E-03,+16.03834170E+00
-15.05000E-03,+13.20352E-03,+16.13884421E+00
-15.00000E-03,+12.39950E-03,+16.03834170E+00
-14.95000E-03,+14.40955E-03,+16.03834170E+00
-14.90000E-03,+17.62563E-03,+16.03834170E+00
-14.85000E-03,+15.21357E-03,+16.33984924E+00
-14.80000E-03,+15.61558E-03,+16.33984924E+00
-14.75000E-03,+18.83166E-03,+16.33984924E+00
-14.70000E-03,+20.43970E-03,+16.33984924E+00
-14.65000E-03,+20.43970E-03,+16.44035175E+00
-14.60000E-03,+23.25377E-03,+16.44035175E+00
-14.55000E-03,+23.25377E-03,+16.74185929E+00
-14.50000E-03,+24.86181E-03,+16.64135678E+00
-14.45000E-03,+23.25377E-03,+16.13884421E+00
-14.40000E-03,+26.87186E-03,+16.54085427E+00
-14.35000E-03,+30.08794E-03,+16.23934673E+00
-14.30000E-03,+33.70603E-03,+17.14386935E+00
-14.25000E-03,+35.31407E-03,+16.33984924E+00
-14.20000E-03,+35.71608E-03,+16.44035175E+00
-14.15000E-03,+33.70603E-03,+16.74185929E+00
-14.10000E-03,+37.32412E-03,+16.84236181E+00
-14.05000E-03,+41.34422E-03,+16.84236181E+00
-14.00000E-03,+43.35427E-03,+17.24437186E+00
-13.95000E-03,+43.75628E-03,+17.04336683E+00
-13.90000E-03,+42.14824E-03,+16.84236181E+00
-13.85000E-03,+44.96231E-03,+17.14386935E+00
-13.80000E-03,+44.56030E-03,+17.24437186E+00
-13.75000E-03,+47.77638E-03,+17.14386935E+00
-13.70000E-03,+46.97236E-03,+17.24437186E+00
-13.65000E-03,+46.57035E-03,+17.24437186E+00
-13.60000E-03,+46.16834E-03,+17.04336683E+00
-13.55000E-03,+45.36432E-03,+17.24437186E+00
-13.50000E-03,+42.55025E-03,+17.24437186E+00
-13.45000E-03,+37.72613E-03,+17.44537689E+00
-13.40000E-03,+34.10804E-03,+17.34487437E+00
-13.35000E-03,+33.30402E-03,+17.34487437E+00
-13.30000E-03,+25.26382E-03,+17.24437186E+00
-13.25000E-03,+25.26382E-03,+17.34487437E+00
-13.20000E-03,+20.03769E-03,+17.64638191E+00
-13.15000E-03,+18.42965E-03,+17.54587940E+00
-13.10000E-03,+15.61558E-03,+17.64638191E+00
-13.05000E-03,+11.59548E-03,+17.64638191E+00
-13.00000E-03,+8.78141E-03,+17.64638191E+00
-12.95000E-03,+9.18342E-03,+17.74688443E+00
-12.90000E-03,+5.16332E-03,+17.64638191E+00
-12.85000E-03,+3.15327E-03,+17.64638191E+00
-12.80000E-03,+3.95729E-03,+17.64638191E+00
-12.75000E-03,+1.94724E-03,+17.74688443E+00
-12.70000E-03,-62.81E-06,+18.04839197E+00
-12.65000E-03,+741.21E-06,+18.24939700E+00
-12.60000E-03,-2.47488E-03,+18.24939700E+00
-12.55000E-03,-4.48493E-03,+17.74688443E+00
-12.50000E-03,-3.27890E-03,+18.04839197E+00
-12.45000E-03,-2.87689E-03,+17.64638191E+00
-12.40000E-03,-3.27890E-03,+17.94788945E+00
-12.35000E-03,-2.87689E-03,+17.94788945E+00
-12.30000E-03,-1.67086E-03,+18.45040202E+00
-12.25000E-03,-4.08292E-03,+18.04839197E+00
-12.20000E-03,-4.88694E-03,+18.34989951E+00
-12.15000E-03,-3.27890E-03,+18.34989951E+00
-12.10000E-03,-6.89699E-03,+18.14889448E+00
-12.05000E-03,-4.48493E-03,+18.14889448E+00
-12.00000E-03,-3.27890E-03,+18.45040202E+00
-11.95000E-03,-6.89699E-03,+18.34989951E+00
-11.90000E-03,-5.28895E-03,+18.45040202E+00
-11.85000E-03,-6.09297E-03,+18.45040202E+00
-11.80000E-03,-5.69096E-03,+18.75190956E+00
-11.75000E-03,-5.28895E-03,+18.85241207E+00
-11.70000E-03,-6.89699E-03,+18.45040202E+00
-11.65000E-03,-6.09297E-03,+18.75190956E+00
-11.60000E-03,-7.70101E-03,+18.85241207E+00
-11.55000E-03,-7.29900E-03,+18.75190956E+00
-11.50000E-03,-6.09297E-03,+18.75190956E+00
-11.45000E-03,-8.10302E-03,+19.15391962E+00
-11.40000E-03,-5.28895E-03,+19.15391962E+00
-11.35000E-03,-7.70101E-03,+19.15391962E+00
-11.30000E-03,-7.70101E-03,+18.85241207E+00
-11.25000E-03,-5.69096E-03,+18.95291459E+00
-11.20000E-03,-4.88694E-03,+19.35492464E+00
-11.15000E-03,-6.09297E-03,+19.15391962E+00
-11.10000E-03,-7.70101E-03,+19.15391962E+00
-11.05000E-03,-6.49498E-03,+19.55592967E+00
-11.00000E-03,-7.70101E-03,+19.45542716E+00
-10.95000E-03,-8.10302E-03,+18.95291459E+00
-10.90000E-03,-7.70101E-03,+19.05341710E+00
-10.85000E-03,-7.70101E-03,+19.15391962E+00
-10.80000E-03,-6.09297E-03,+19.35492464E+00
-10.75000E-03,-6.89699E-03,+19.15391962E+00
-10.70000E-03,-4.08292E-03,+19.55592967E+00
-10.65000E-03,-8.50503E-03,+19.35492464E+00
-10.60000E-03,-6.89699E-03,+19.25442213E+00
-10.55000E-03,-5.28895E-03,+18.95291459E+00
-10.50000E-03,-4.08292E-03,+19.55592967E+00
-10.45000E-03,-7.70101E-03,+19.95793972E+00
-10.40000E-03,-7.70101E-03,+19.95793972E+00
-10.35000E-03,-6.49498E-03,+19.95793972E+00
-10.30000E-03,-8.90704E-03,+19.65643218E+00
-10.25000E-03,-6.49498E-03,+20.05844223E+00
-10.20000E-03,-9.30905E-03,+19.95793972E+00
-10.15000E-03,-7.29900E-03,+20.35994978E+00
-10.10000E-03,-5.28895E-03,+20.35994978E+00
-10.05000E-03,-5.69096E-03,+20.05844223E+00
-10.00000E-03,-8.10302E-03,+20.25944726E+00
-9.95000E-03,-4.88694E-03,+19.95793972E+00
-9.90000E-03,-8.90704E-03,+20.35994978E+00
-9.85000E-03,-7.29900E-03,+20.15894475E+00
-9.80000E-03,-7.29900E-03,+20.15894475E+00
-9.75000E-03,-7.70101E-03,+20.46045229E+00
-9.70000E-03,-8.50503E-03,+20.46045229E+00
-9.65000E-03,-8.50503E-03,+20.05844223E+00
-9.60000E-03,-8.50503E-03,+20.25944726E+00
-9.55000E-03,-7.70101E-03,+20.46045229E+00
-9.50000E-03,-6.49498E-03,+20.46045229E+00
-9.45000E-03,-6.09297E-03,+20.15894475E+00
-9.40000E-03,-8.90704E-03,+20.46045229E+00
-9.35000E-03,-8.10302E-03,+20.15894475E+00
-9.30000E-03,-8.90704E-03,+20.76195983E+00
-9.25000E-03,-6.49498E-03,+20.76195983E+00
-9.20000E-03,-7.29900E-03,+20.66145732E+00
-9.15000E-03,-7.29900E-03,+20.76195983E+00
-9.10000E-03,-7.70101E-03,+20.56095480E+00
-9.05000E-03,-10.11307E-03,+20.46045229E+00
-9.00000E-03,-6.09297E-03,+21.16396988E+00
-8.95000E-03,-7.70101E-03,+21.46547742E+00
-8.90000E-03,-8.10302E-03,+20.86246234E+00
-8.85000E-03,-6.89699E-03,+20.96296485E+00
-8.80000E-03,-9.30905E-03,+21.16396988E+00
-8.75000E-03,-6.49498E-03,+20.86246234E+00
-8.70000E-03,-8.50503E-03,+20.76195983E+00
-8.65000E-03,-8.90704E-03,+21.26447240E+00
-8.60000E-03,-6.89699E-03,+20.56095480E+00
-8.55000E-03,-5.69096E-03,+21.36497491E+00
-8.50000E-03,-7.70101E-03,+21.26447240E+00
-8.45000E-03,-7.29900E-03,+21.56597994E+00
-8.40000E-03,-6.89699E-03,+20.96296485E+00
-8.35000E-03,-7.29900E-03,+21.36497491E+00
-8.30000E-03,-8.50503E-03,+21.36497491E+00
-8.25000E-03,-9.71106E-03,+21.26447240E+00
-8.20000E-03,-6.09297E-03,+21.56597994E+00
-8.15000E-03,-6.89699E-03,+21.96798999E+00
-8.10000E-03,-6.89699E-03,+21.66648245E+00
-8.05000E-03,-5.69096E-03,+21.56597994E+00
-8.00000E-03,-3.68091E-03,+21.76698496E+00
-7.95000E-03,-6.89699E-03,+21.66648245E+00
-7.90000E-03,-8.10302E-03,+21.76698496E+00
-7.85000E-03,-6.49498E-03,+21.86748748E+00
-7.80000E-03,-5.28895E-03,+21.46547742E+00
-7.75000E-03,-8.90704E-03,+21.66648245E+00
-7.70000E-03,-7.70101E-03,+22.06849250E+00
-7.65000E-03,-7.29900E-03,+22.06849250E+00
-7.60000E-03,-6.89699E-03,+21.96798999E+00
-7.55000E-03,-8.50503E-03,+21.66648245E+00
-7.50000E-03,-8.50503E-03,+22.06849250E+00
-7.45000E-03,-8.90704E-03,+21.96798999E+00
-7.40000E-03,-8.10302E-03,+22.06849250E+00
-7.35000E-03,-8.50503E-03,+22.16899502E+00
-7.30000E-03,-8.10302E-03,+22.06849250E+00
-7.25000E-03,-7.70101E-03,+22.06849250E+00
-7.20000E-03,-7.29900E-03,+22.47050256E+00
-7.15000E-03,-7.29900E-03,+22.47050256E+00
-7.10000E-03,-6.89699E-03,+22.37000004E+00
-7.05000E-03,-7.70101E-03,+22.47050256E+00
-7.00000E-03,-6.49498E-03,+22.16899502E+00
-6.95000E-03,-7.70101E-03,+22.47050256E+00
-6.90000E-03,-6.49498E-03,+22.47050256E+00
-6.85000E-03,-7.70101E-03,+22.47050256E+00
-6.80000E-03,-9.30905E-03,+22.47050256E+00
-6.75000E-03,-6.09297E-03,+22.47050256E+00
-6.70000E-03,-6.49498E-03,+22.37000004E+00
-6.65000E-03,-7.70101E-03,+22.87251261E+00
-6.60000E-03,-7.70101E-03,+22.87251261E+00
-6.55000E-03,-6.89699E-03,+22.87251261E+00
-6.50000E-03,-8.90704E-03,+22.57100507E+00
-6.45000E-03,-6.09297E-03,+22.97301512E+00
-6.40000E-03,-5.69096E-03,+23.17402015E+00
-6.35000E-03,-7.29900E-03,+23.27452266E+00
-6.30000E-03,-7.29900E-03,+22.87251261E+00
-6.25000E-03,-6.09297E-03,+23.57603020E+00
-6.20000E-03,-8.10302E-03,+22.87251261E+00
-6.15000E-03,-5.69096E-03,+23.27452266E+00
-6.10000E-03,-6.09297E-03,+22.97301512E+00
-6.05000E-03,-10.11307E-03,+23.57603020E+00
-6.00000E-03,-6.49498E-03,+23.47552769E+00
-5.95000E-03,-8.10302E-03,+23.27452266E+00
-5.90000E-03,-7.70101E-03,+22.97301512E+00
-5.85000E-03,-6.49498E-03,+23.67653272E+00
-5.80000E-03,-9.71106E-03,+23.57603020E+00
-5.75000E-03,-6.09297E-03,+23.77703523E+00
-5.70000E-03,-6.49498E-03,+23.27452266E+00
-5.65000E-03,-5.28895E-03,+23.67653272E+00
-5.60000E-03,-7.70101E-03,+23.27452266E+00
-5.55000E-03,-8.90704E-03,+23.77703523E+00
-5.50000E-03,-8.10302E-03,+23.67653272E+00
-5.45000E-03,-4.88694E-03,+23.97804026E+00
-5.40000E-03,-6.49498E-03,+23.47552769E+00
-5.35000E-03,-5.28895E-03,+23.37502518E+00
-5.30000E-03,-6.49498E-03,+23.37502518E+00
-5.25000E-03,-7.70101E-03,+23.97804026E+00
-5.20000E-03,-7.29900E-03,+23.37502518E+00
-5.15000E-03,-10.51508E-03,+23.67653272E+00
-5.10000E-03,-8.90704E-03,+23.57603020E+00
-5.05000E-03,-9.71106E-03,+24.07854277E+00
-5.00000E-03,-7.70101E-03,+24.07854277E+00
-4.95000E-03,-8.90704E-03,+24.07854277E+00
-4.90000E-03,-6.49498E-03,+24.07854277E+00
-4.85000E-03,-6.49498E-03,+24.48055282E+00
-4.80000E-03,-7.29900E-03,+24.17904528E+00
-4.75000E-03,-6.89699E-03,+24.48055282E+00
-4.70000E-03,-5.69096E-03,+24.88256288E+00
-4.65000E-03,-6.49498E-03,+24.07854277E+00
-4.60000E-03,-7.70101E-03,+24.17904528E+00
-4.55000E-03,-4.88694E-03,+24.88256288E+00
-4.50000E-03,-7.29900E-03,+24.38005031E+00
-4.45000E-03,-5.28895E-03,+24.17904528E+00
-4.40000E-03,-8.10302E-03,+24.88256288E+00
-4.35000E-03,-6.49498E-03,+24.48055282E+00
-4.30000E-03,-8.90704E-03,+24.48055282E+00
-4.25000E-03,-5.28895E-03,+24.88256288E+00
-4.20000E-03,-7.29900E-03,+24.38005031E+00
-4.15000E-03,-6.49498E-03,+24.78206036E+00
-4.10000E-03,-4.88694E-03,+24.78206036E+00
-4.05000E-03,-6.09297E-03,+24.58105534E+00
-4.00000E-03,-7.70101E-03,+24.98306539E+00
-3.95000E-03,-5.28895E-03,+24.78206036E+00
-3.90000E-03,-6.49498E-03,+25.18407042E+00
-3.85000E-03,-6.09297E-03,+24.88256288E+00
-3.80000E-03,-6.89699E-03,+25.08356790E+00
-3.75000E-03,-6.89699E-03,+24.68155785E+00
-3.70000E-03,-7.70101E-03,+24.88256288E+00
-3.65000E-03,-7.70101E-03,+25.28457293E+00
-3.60000E-03,-7.70101E-03,+25.18407042E+00
-3.55000E-03,-6.09297E-03,+25.28457293E+00
-3.50000E-03,-6.89699E-03,+25.28457293E+00
-3.45000E-03,-5.69096E-03,+25.28457293E+00
-3.40000E-03,-7.29900E-03,+25.28457293E+00
-3.35000E-03,-8.90704E-03,+25.58608047E+00
-3.30000E-03,-4.08292E-03,+25.28457293E+00
-3.25000E-03,-7.29900E-03,+25.68658298E+00
-3.20000E-03,-7.29900E-03,+25.18407042E+00
-3.15000E-03,-8.10302E-03,+25.68658298E+00
-3.10000E-03,-10.11307E-03,+25.68658298E+00
-3.05000E-03,-6.09297E-03,+25.38507544E+00
-3.00000E-03,-5.28895E-03,+25.88758801E+00
-2.95000E-03,-6.09297E-03,+25.68658298E+00
-2.90000E-03,-4.48493E-03,+25.58608047E+00
-2.85000E-03,-4.88694E-03,+25.78708550E+00
-2.80000E-03,-6.89699E-03,+25.98809052E+00
-2.75000E-03,-6.09297E-03,+25.98809052E+00
-2.70000E-03,-4.88694E-03,+25.78708550E+00
-2.65000E-03,-6.89699E-03,+26.08859304E+00
-2.60000E-03,-4.88694E-03,+25.98809052E+00
-2.55000E-03,-5.28895E-03,+25.58608047E+00
-2.50000E-03,-6.89699E-03,+25.68658298E+00
-2.45000E-03,-7.70101E-03,+25.78708550E+00
-2.40000E-03,-4.88694E-03,+26.08859304E+00
-2.35000E-03,-4.48493E-03,+26.18909555E+00
-2.30000E-03,-6.49498E-03,+26.39010058E+00
-2.25000E-03,-6.49498E-03,+26.69160812E+00
-2.20000E-03,-2.87689E-03,+26.08859304E+00
-2.15000E-03,-2.47488E-03,+27.09361817E+00
-2.10000E-03,-2.87689E-03,+26.08859304E+00
-2.05000E-03,-3.27890E-03,+26.49060309E+00
-2.00000E-03,-4.08292E-03,+26.89261314E+00
-1.95000E-03,-4.08292E-03,+26.49060309E+00
-1.90000E-03,-2.87689E-03,+26.79211063E+00
-1.85000E-03,-1.67086E-03,+26.39010058E+00
-1.80000E-03,-1.67086E-03,+26.28959806E+00
-1.75000E-03,-62.81E-06,+26.49060309E+00
-1.70000E-03,-3.68091E-03,+26.59110560E+00
-1.65000E-03,+1.14322E-03,+26.49060309E+00
-1.60000E-03,-62.81E-06,+27.09361817E+00
-1.55000E-03,-1.26885E-03,+26.99311566E+00
-1.50000E-03,-2.47488E-03,+26.79211063E+00
-1.45000E-03,+1.54523E-03,+26.89261314E+00
-1.40000E-03,-866.84E-06,+27.29462320E+00
-1.35000E-03,-1.26885E-03,+26.59110560E+00
-1.30000E-03,+741.21E-06,+26.89261314E+00
-1.25000E-03,-62.81E-06,+26.69160812E+00
-1.20000E-03,+2.34925E-03,+27.59613074E+00
-1.15000E-03,+1.94724E-03,+26.69160812E+00
-1.10000E-03,+3.95729E-03,+26.89261314E+00
-1.05000E-03,+1.94724E-03,+27.49562822E+00
-1.00000E-03,+2.34925E-03,+27.09361817E+00
-950.00E-06,+3.15327E-03,+27.29462320E+00
-900.00E-06,+3.95729E-03,+27.59613074E+00
-850.00E-06,+1.54523E-03,+27.59613074E+00
-800.00E-06,+4.35930E-03,+27.39512571E+00
-750.00E-06,+5.16332E-03,+27.69663325E+00
-700.00E-06,+3.95729E-03,+27.29462320E+00
-650.00E-06,+4.76131E-03,+27.99814079E+00
-600.00E-06,+2.34925E-03,+27.49562822E+00
-550.00E-06,+6.36935E-03,+27.99814079E+00
-500.00E-06,+4.35930E-03,+27.59613074E+00
-450.00E-06,+5.96734E-03,+27.69663325E+00
-400.00E-06,+10.38945E-03,+27.69663325E+00
-350.00E-06,+7.17337E-03,+27.99814079E+00
-300.00E-06,+7.17337E-03,+27.89763828E+00
-250.00E-06,+9.98744E-03,+27.69663325E+00
-200.00E-06,+10.79146E-03,+27.89763828E+00
-150.00E-06,+10.79146E-03,+28.09864330E+00
-100.00E-06,+10.79146E-03,+27.99814079E+00
-50.00E-06,+10.79146E-03,+27.99814079E+00
+0.0E+00,+13.20352E-03,+27.99814079E+00
+50.00E-06,+11.99749E-03,+28.09864330E+00
+100.00E-06,+16.01759E-03,+28.09864330E+00
+150.00E-06,+14.81156E-03,+28.40015084E+00
+200.00E-06,+17.22362E-03,+28.40015084E+00
+250.00E-06,+18.02764E-03,+28.40015084E+00
+300.00E-06,+20.43970E-03,+28.09864330E+00
+350.00E-06,+18.02764E-03,+28.40015084E+00
+400.00E-06,+21.24372E-03,+28.50065336E+00
+450.00E-06,+23.25377E-03,+28.40015084E+00
+500.00E-06,+20.03769E-03,+28.19914582E+00
+550.00E-06,+25.66583E-03,+28.40015084E+00
+600.00E-06,+24.45980E-03,+28.50065336E+00
+650.00E-06,+27.67588E-03,+28.50065336E+00
+700.00E-06,+27.67588E-03,+28.40015084E+00
+750.00E-06,+28.47990E-03,+28.50065336E+00
+800.00E-06,+28.07789E-03,+28.09864330E+00
+850.00E-06,+29.28392E-03,+28.50065336E+00
+900.00E-06,+33.30402E-03,+28.40015084E+00
+950.00E-06,+29.68593E-03,+28.60115587E+00
+1.00000E-03,+28.47990E-03,+28.50065336E+00
+1.05000E-03,+26.87186E-03,+28.60115587E+00
+1.10000E-03,+25.66583E-03,+28.40015084E+00
+1.15000E-03,+25.26382E-03,+28.60115587E+00
+1.20000E-03,+26.46985E-03,+28.09864330E+00
+1.25000E-03,+22.04774E-03,+28.09864330E+00
+1.30000E-03,+24.86181E-03,+27.69663325E+00
+1.35000E-03,+25.66583E-03,+28.50065336E+00
+1.40000E-03,+22.85176E-03,+27.89763828E+00
+1.45000E-03,+24.05779E-03,+28.09864330E+00
+1.50000E-03,+20.84171E-03,+28.09864330E+00
+1.55000E-03,+20.84171E-03,+27.69663325E+00
+1.60000E-03,+20.03769E-03,+28.40015084E+00
+1.65000E-03,+18.02764E-03,+27.79713576E+00
+1.70000E-03,+18.42965E-03,+27.99814079E+00
+1.75000E-03,+18.42965E-03,+27.79713576E+00
+1.80000E-03,+17.62563E-03,+28.09864330E+00
+1.85000E-03,+19.23367E-03,+27.39512571E+00
+1.90000E-03,+14.00754E-03,+27.69663325E+00
+1.95000E-03,+14.00754E-03,+27.69663325E+00
+2.00000E-03,+17.62563E-03,+27.69663325E+00
+2.05000E-03,+16.01759E-03,+27.49562822E+00
+2.10000E-03,+16.41960E-03,+27.99814079E+00
+2.15000E-03,+14.81156E-03,+27.69663325E+00
+2.20000E-03,+14.40955E-03,+27.29462320E+00
+2.25000E-03,+11.99749E-03,+27.19412068E+00
+2.30000E-03,+13.20352E-03,+27.39512571E+00
+2.35000E-03,+12.80151E-03,+27.49562822E+00
+2.40000E-03,+10.79146E-03,+26.89261314E+00
+2.45000E-03,+12.80151E-03,+27.29462320E+00
+2.50000E-03,+14.40955E-03,+27.29462320E+00
+2.55000E-03,+10.79146E-03,+27.29462320E+00
+2.60000E-03,+10.79146E-03,+26.89261314E+00
+2.65000E-03,+9.58543E-03,+26.99311566E+00
+2.70000E-03,+9.98744E-03,+27.19412068E+00
+2.75000E-03,+9.98744E-03,+26.89261314E+00
+2.80000E-03,+12.39950E-03,+27.29462320E+00
+2.85000E-03,+10.38945E-03,+26.89261314E+00
+2.90000E-03,+7.97739E-03,+26.89261314E+00
+2.95000E-03,+9.98744E-03,+27.09361817E+00
+3.00000E-03,+9.18342E-03,+26.59110560E+00
+3.05000E-03,+6.36935E-03,+26.59110560E+00
+3.10000E-03,+7.97739E-03,+26.79211063E+00
+3.15000E-03,+8.37940E-03,+26.79211063E+00
+3.20000E-03,+6.36935E-03,+26.79211063E+00
+3.25000E-03,+7.57538E-03,+26.89261314E+00
+3.30000E-03,+6.36935E-03,+27.19412068E+00
+3.35000E-03,+7.57538E-03,+26.49060309E+00
+3.40000E-03,+4.76131E-03,+26.49060309E+00
+3.45000E-03,+8.37940E-03,+26.49060309E+00
+3.50000E-03,+8.78141E-03,+26.18909555E+00
+3.55000E-03,+6.77136E-03,+26.18909555E+00
+3.60000E-03,+7.57538E-03,+26.18909555E+00
+3.65000E-03,+4.35930E-03,+26.49060309E+00
+3.70000E-03,+4.35930E-03,+26.08859304E+00
+3.75000E-03,+1.94724E-03,+26.49060309E+00
+3.80000E-03,+3.55528E-03,+26.08859304E+00
+3.85000E-03,+741.21E-06,+26.08859304E+00
+3.90000E-03,+4.35930E-03,+26.28959806E+00
+3.95000E-03,+2.75126E-03,+26.08859304E+00
+4.00000E-03,+2.34925E-03,+26.08859304E+00
+4.05000E-03,+741.21E-06,+26.08859304E+00
+4.10000E-03,+4.35930E-03,+25.78708550E+00
+4.15000E-03,+2.34925E-03,+25.68658298E+00
+4.20000E-03,+3.95729E-03,+25.68658298E+00
+4.25000E-03,+2.34925E-03,+25.78708550E+00
+4.30000E-03,+3.95729E-03,+25.68658298E+00
+4.35000E-03,+1.94724E-03,+25.98809052E+00
+4.40000E-03,+4.76131E-03,+25.58608047E+00
+4.45000E-03,+741.21E-06,+25.58608047E+00
+4.50000E-03,+1.94724E-03,+25.98809052E+00
+4.55000E-03,-62.81E-06,+25.58608047E+00
+4.60000E-03,+2.75126E-03,+25.38507544E+00
+4.65000E-03,+741.21E-06,+25.38507544E+00
+4.70000E-03,+1.94724E-03,+25.28457293E+00
+4.75000E-03,+339.20E-06,+25.18407042E+00
+4.80000E-03,+2.75126E-03,+25.58608047E+00
+4.85000E-03,-62.81E-06,+25.38507544E+00
+4.90000E-03,+339.20E-06,+25.48557796E+00
+4.95000E-03,+741.21E-06,+25.28457293E+00
+5.00000E-03,+339.20E-06,+25.28457293E+00
+5.05000E-03,-1.67086E-03,+25.28457293E+00
+5.10000E-03,-1.67086E-03,+25.38507544E+00
+5.15000E-03,-866.84E-06,+25.28457293E+00
+5.20000E-03,-3.27890E-03,+25.28457293E+00
+5.25000E-03,-1.26885E-03,+24.88256288E+00
+5.30000E-03,-2.47488E-03,+24.98306539E+00
+5.35000E-03,-62.81E-06,+24.88256288E+00
+5.40000E-03,-4.48493E-03,+25.08356790E+00
+5.45000E-03,+741.21E-06,+24.58105534E+00
+5.50000E-03,-3.27890E-03,+24.78206036E+00
+5.55000E-03,-2.47488E-03,+25.18407042E+00
+5.60000E-03,-1.26885E-03,+24.48055282E+00
+5.65000E-03,-1.26885E-03,+24.58105534E+00
+5.70000E-03,-4.48493E-03,+24.48055282E+00
+5.75000E-03,-2.47488E-03,+24.88256288E+00
+5.80000E-03,-3.27890E-03,+24.88256288E+00
+5.85000E-03,-866.84E-06,+24.48055282E+00
+5.90000E-03,-3.68091E-03,+24.38005031E+00
+5.95000E-03,-2.07287E-03,+24.78206036E+00
+6.00000E-03,-4.08292E-03,+24.17904528E+00
+6.05000E-03,-1.67086E-03,+24.78206036E+00
+6.10000E-03,-5.28895E-03,+24.48055282E+00
+6.15000E-03,-2.87689E-03,+24.38005031E+00
+6.20000E-03,-4.48493E-03,+24.07854277E+00
+6.25000E-03,-6.09297E-03,+24.07854277E+00
+6.30000E-03,-4.48493E-03,+24.17904528E+00
+6.35000E-03,-5.28895E-03,+24.38005031E+00
+6.40000E-03,-5.69096E-03,+24.17904528E+00
+6.45000E-03,-4.08292E-03,+24.38005031E+00
+6.50000E-03,-5.28895E-03,+23.97804026E+00
+6.55000E-03,-2.87689E-03,+24.17904528E+00
+6.60000E-03,-4.48493E-03,+24.38005031E+00
+6.65000E-03,-4.08292E-03,+23.97804026E+00
+6.70000E-03,-6.49498E-03,+23.67653272E+00
+6.75000E-03,-5.69096E-03,+23.77703523E+00
+6.80000E-03,-8.50503E-03,+23.67653272E+00
+6.85000E-03,-5.28895E-03,+23.67653272E+00
+6.90000E-03,-4.48493E-03,+23.97804026E+00
+6.95000E-03,-6.09297E-03,+23.37502518E+00
+7.00000E-03,-6.89699E-03,+23.67653272E+00
+7.05000E-03,-7.70101E-03,+23.07351764E+00
+7.10000E-03,-6.89699E-03,+23.67653272E+00
+7.15000E-03,-5.69096E-03,+23.57603020E+00
+7.20000E-03,-7.70101E-03,+23.67653272E+00
+7.25000E-03,-4.08292E-03,+23.67653272E+00
+7.30000E-03,-5.28895E-03,+23.67653272E+00
+7.35000E-03,-8.50503E-03,+23.57603020E+00
+7.40000E-03,-8.10302E-03,+23.37502518E+00
+7.45000E-03,-6.09297E-03,+23.57603020E+00
+7.50000E-03,-6.09297E-03,+22.87251261E+00
+7.55000E-03,-7.29900E-03,+23.27452266E+00
+7.60000E-03,-5.28895E-03,+23.17402015E+00
+7.65000E-03,-7.70101E-03,+23.17402015E+00
+7.70000E-03,-7.29900E-03,+22.97301512E+00
+7.75000E-03,-6.49498E-03,+22.97301512E+00
+7.80000E-03,-8.90704E-03,+23.47552769E+00
+7.85000E-03,-5.69096E-03,+22.87251261E+00
+7.90000E-03,-8.10302E-03,+22.67150758E+00
+7.95000E-03,-4.48493E-03,+22.57100507E+00
+8.00000E-03,-4.88694E-03,+23.17402015E+00
+8.05000E-03,-6.09297E-03,+22.57100507E+00
+8.10000E-03,-6.89699E-03,+22.87251261E+00
+8.15000E-03,-6.49498E-03,+22.77201010E+00
+8.20000E-03,-8.90704E-03,+22.77201010E+00
+8.25000E-03,-8.90704E-03,+22.47050256E+00
+8.30000E-03,-7.29900E-03,+22.77201010E+00
+8.35000E-03,-8.90704E-03,+22.77201010E+00
+8.40000E-03,-8.50503E-03,+22.57100507E+00
+8.45000E-03,-7.29900E-03,+22.47050256E+00
+8.50000E-03,-5.69096E-03,+22.57100507E+00
+8.55000E-03,-7.70101E-03,+22.47050256E+00
+8.60000E-03,-8.50503E-03,+22.37000004E+00
+8.65000E-03,-6.49498E-03,+22.37000004E+00
+8.70000E-03,-7.29900E-03,+22.16899502E+00
+8.75000E-03,-6.49498E-03,+22.26949753E+00
+8.80000E-03,-6.09297E-03,+22.37000004E+00
+8.85000E-03,-9.71106E-03,+22.06849250E+00
+8.90000E-03,-8.10302E-03,+22.06849250E+00
+8.95000E-03,-7.70101E-03,+21.96798999E+00
+9.00000E-03,-6.49498E-03,+22.06849250E+00
+9.05000E-03,-6.89699E-03,+22.47050256E+00
+9.10000E-03,-8.10302E-03,+21.96798999E+00
+9.15000E-03,-5.28895E-03,+22.37000004E+00
+9.20000E-03,-6.89699E-03,+21.56597994E+00
+9.25000E-03,-3.27890E-03,+21.76698496E+00
+9.30000E-03,-5.28895E-03,+22.06849250E+00
+9.35000E-03,-7.29900E-03,+21.96798999E+00
+9.40000E-03,-9.30905E-03,+21.26447240E+00
+9.45000E-03,-5.69096E-03,+21.56597994E+00
+9.50000E-03,-8.90704E-03,+21.66648245E+00
+9.55000E-03,-6.49498E-03,+21.66648245E+00
+9.60000E-03,-8.50503E-03,+21.36497491E+00
+9.65000E-03,-7.29900E-03,+21.56597994E+00
+9.70000E-03,-8.50503E-03,+21.36497491E+00
+9.75000E-03,-8.90704E-03,+21.26447240E+00
+9.80000E-03,-6.89699E-03,+21.26447240E+00
+9.85000E-03,-7.70101E-03,+21.36497491E+00
+9.90000E-03,-6.49498E-03,+21.26447240E+00
+9.95000E-03,-8.10302E-03,+21.76698496E+00
+10.00000E-03,-7.70101E-03,+21.36497491E+00
+10.05000E-03,-8.90704E-03,+20.96296485E+00
+10.10000E-03,-7.70101E-03,+21.66648245E+00
+10.15000E-03,-6.09297E-03,+20.96296485E+00
+10.20000E-03,-8.90704E-03,+21.26447240E+00
+10.25000E-03,-8.10302E-03,+21.16396988E+00
+10.30000E-03,-5.28895E-03,+21.16396988E+00
+10.35000E-03,-7.70101E-03,+20.86246234E+00
+10.40000E-03,-8.50503E-03,+20.86246234E+00
+10.45000E-03,-7.29900E-03,+20.86246234E+00
+10.50000E-03,-5.69096E-03,+21.16396988E+00
+10.55000E-03,-8.50503E-03,+20.86246234E+00
+10.60000E-03,-8.10302E-03,+20.66145731E+00
+10.65000E-03,-8.10302E-03,+20.56095480E+00
+10.70000E-03,-6.49498E-03,+20.86246234E+00
+10.75000E-03,-8.10302E-03,+20.76195983E+00
+10.80000E-03,-8.90704E-03,+20.56095480E+00
+10.85000E-03,-8.90704E-03,+20.46045229E+00
+10.90000E-03,-5.69096E-03,+21.16396988E+00
+10.95000E-03,-7.70101E-03,+20.86246234E+00
+11.00000E-03,-8.50503E-03,+20.46045229E+00
+11.05000E-03,-8.50503E-03,+20.05844223E+00
+11.10000E-03,-5.69096E-03,+20.86246234E+00
+11.15000E-03,-8.10302E-03,+20.76195983E+00
+11.20000E-03,-10.51508E-03,+20.25944726E+00
+11.25000E-03,-5.69096E-03,+20.46045229E+00
+11.30000E-03,-7.70101E-03,+20.15894475E+00
+11.35000E-03,-8.50503E-03,+20.35994978E+00
+11.40000E-03,-7.29900E-03,+19.75693469E+00
+11.45000E-03,-6.89699E-03,+19.95793972E+00
+11.50000E-03,-7.29900E-03,+20.15894475E+00
+11.55000E-03,-4.08292E-03,+20.25944726E+00
+11.60000E-03,-8.10302E-03,+20.05844223E+00
+11.65000E-03,-6.09297E-03,+20.05844223E+00
+11.70000E-03,-7.70101E-03,+20.05844223E+00
+11.75000E-03,-8.10302E-03,+19.75693469E+00
+11.80000E-03,-11.31910E-03,+19.65643218E+00
+11.85000E-03,-8.10302E-03,+19.65643218E+00
+11.90000E-03,-7.70101E-03,+19.65643218E+00
+11.95000E-03,-10.11307E-03,+19.65643218E+00
+12.00000E-03,-8.10302E-03,+19.65643218E+00
+12.05000E-03,-7.70101E-03,+19.65643218E+00
+12.10000E-03,-10.11307E-03,+19.15391961E+00
+12.15000E-03,-10.51508E-03,+19.65643218E+00
+12.20000E-03,-8.10302E-03,+19.65643218E+00
+12.25000E-03,-4.48493E-03,+19.55592967E+00
+12.30000E-03,-8.50503E-03,+19.55592967E+00
+12.35000E-03,-5.28895E-03,+19.55592967E+00
+12.40000E-03,-6.89699E-03,+19.25442213E+00
+12.45000E-03,-5.28895E-03,+19.25442213E+00
+12.50000E-03,-9.30905E-03,+19.65643218E+00
+12.55000E-03,-5.28895E-03,+19.35492464E+00
+12.60000E-03,-8.10302E-03,+19.25442213E+00
+12.65000E-03,-6.09297E-03,+19.55592967E+00
+12.70000E-03,-7.70101E-03,+19.25442213E+00
+12.75000E-03,-5.28895E-03,+19.25442213E+00
+12.80000E-03,-9.30905E-03,+19.15391962E+00
+12.85000E-03,-8.10302E-03,+19.15391962E+00
+12.90000E-03,-7.29900E-03,+18.75190956E+00
+12.95000E-03,-6.49498E-03,+19.15391962E+00
+13.00000E-03,-8.90704E-03,+18.85241207E+00
+13.05000E-03,-4.88694E-03,+19.25442213E+00
+13.10000E-03,-4.88694E-03,+18.85241207E+00
+13.15000E-03,-6.49498E-03,+18.55090453E+00
+13.20000E-03,-6.09297E-03,+18.14889448E+00
+13.25000E-03,-7.70101E-03,+18.85241207E+00
+13.30000E-03,-8.10302E-03,+18.45040202E+00
+13.35000E-03,-4.48493E-03,+18.75190956E+00
+13.40000E-03,-7.70101E-03,+18.14889448E+00
+13.45000E-03,-8.50503E-03,+18.14889448E+00
+13.50000E-03,-8.50503E-03,+18.34989951E+00
+13.55000E-03,-8.10302E-03,+18.45040202E+00
+13.60000E-03,-8.50503E-03,+18.45040202E+00
+13.65000E-03,-7.29900E-03,+18.24939699E+00
+13.70000E-03,-8.50503E-03,+18.45040202E+00
+13.75000E-03,-8.90704E-03,+17.94788945E+00
+13.80000E-03,-4.88694E-03,+18.04839197E+00
+13.85000E-03,-7.29900E-03,+18.14889448E+00
+13.90000E-03,-7.29900E-03,+18.45040202E+00
+13.95000E-03,-6.09297E-03,+18.34989951E+00
+14.00000E-03,-5.28895E-03,+18.34989951E+00
+14.05000E-03,-8.50503E-03,+17.94788945E+00
+14.10000E-03,-7.70101E-03,+17.94788945E+00
+14.15000E-03,-7.29900E-03,+18.24939700E+00
+14.20000E-03,-10.11307E-03,+17.74688443E+00
+14.25000E-03,-7.70101E-03,+17.74688443E+00
+14.30000E-03,-5.28895E-03,+17.44537689E+00
+14.35000E-03,-6.09297E-03,+17.64638191E+00
+14.40000E-03,-6.49498E-03,+17.84738694E+00
+14.45000E-03,-7.29900E-03,+17.44537689E+00
+14.50000E-03,-8.50503E-03,+17.84738694E+00
+14.55000E-03,-8.10302E-03,+17.54587940E+00
+14.60000E-03,-7.29900E-03,+17.64638191E+00
+14.65000E-03,-8.50503E-03,+17.64638191E+00
+14.70000E-03,-6.49498E-03,+17.84738694E+00
+14.75000E-03,-7.29900E-03,+17.44537689E+00
+14.80000E-03,-7.29900E-03,+17.24437186E+00
+14.85000E-03,-7.29900E-03,+17.64638191E+00
+14.90000E-03,-8.50503E-03,+17.34487437E+00
+14.95000E-03,-8.90704E-03,+17.44537689E+00
+15.00000E-03,-8.90704E-03,+16.94286432E+00
+15.05000E-03,-4.88694E-03,+17.24437186E+00
+15.10000E-03,-4.88694E-03,+17.24437186E+00
+15.15000E-03,-7.29900E-03,+17.24437186E+00
+15.20000E-03,-8.50503E-03,+17.14386935E+00
+15.25000E-03,-8.50503E-03,+17.04336683E+00
+15.30000E-03,-7.70101E-03,+16.74185929E+00
+15.35000E-03,-5.28895E-03,+17.44537689E+00
+15.40000E-03,-6.49498E-03,+16.84236181E+00
+15.45000E-03,-6.49498E-03,+16.44035175E+00
+15.50000E-03,-7.70101E-03,+16.94286432E+00
+15.55000E-03,-6.49498E-03,+16.84236181E+00
+15.60000E-03,-8.10302E-03,+16.94286432E+00
+15.65000E-03,-7.29900E-03,+16.74185929E+00
+15.70000E-03,-4.88694E-03,+16.64135678E+00
+15.75000E-03,-5.69096E-03,+16.54085427E+00
+15.80000E-03,-6.89699E-03,+16.84236181E+00
+15.85000E-03,-7.70101E-03,+16.13884421E+00
+15.90000E-03,-7.70101E-03,+16.54085427E+00
+15.95000E-03,-8.10302E-03,+16.44035175E+00
+16.00000E-03,-7.70101E-03,+16.74185929E+00
+16.05000E-03,-8.90704E-03,+16.13884421E+00
+16.10000E-03,-6.49498E-03,+16.33984924E+00
+16.15000E-03,-7.70101E-03,+16.33984924E+00
+16.20000E-03,-7.70101E-03,+16.44035175E+00
+16.25000E-03,-8.10302E-03,+16.13884421E+00
+16.30000E-03,-8.10302E-03,+16.13884421E+00
+16.35000E-03,-9.30905E-03,+16.03834170E+00
+16.40000E-03,-8.90704E-03,+16.33984924E+00
+16.45000E-03,-6.49498E-03,+16.44035175E+00
+16.50000E-03,-7.70101E-03,+16.03834170E+00
+16.55000E-03,-7.70101E-03,+15.73683416E+00
+16.60000E-03,-7.70101E-03,+15.93783919E+00
+16.65000E-03,-6.49498E-03,+15.83733667E+00
+16.70000E-03,-3.27890E-03,+15.63633165E+00
+16.75000E-03,-8.90704E-03,+16.13884421E+00
+16.80000E-03,-6.89699E-03,+15.93783919E+00
+16.85000E-03,-6.89699E-03,+15.93783919E+00
+16.90000E-03,-4.88694E-03,+16.23934673E+00
+16.95000E-03,-7.70101E-03,+15.63633165E+00
+17.00000E-03,-7.29900E-03,+15.33482411E+00
+17.05000E-03,-8.50503E-03,+15.53582913E+00
+17.10000E-03,-4.88694E-03,+15.63633165E+00
+17.15000E-03,-7.70101E-03,+15.83733667E+00
+17.20000E-03,-6.89699E-03,+15.23432159E+00
+17.25000E-03,-6.49498E-03,+15.63633165E+00
+17.30000E-03,-8.10302E-03,+15.63633165E+00
+17.35000E-03,-6.49498E-03,+15.33482411E+00
+17.40000E-03,-8.90704E-03,+15.23432159E+00
+17.45000E-03,-8.50503E-03,+14.83231154E+00
+17.50000E-03,-7.29900E-03,+15.53582913E+00
+17.55000E-03,-7.29900E-03,+15.23432159E+00
+17.60000E-03,-7.70101E-03,+14.93281405E+00
+17.65000E-03,-6.49498E-03,+14.93281405E+00
+17.70000E-03,-6.09297E-03,+14.93281405E+00
+17.75000E-03,-7.29900E-03,+15.03331657E+00
+17.80000E-03,-7.29900E-03,+14.83231154E+00
+17.85000E-03,-3.27890E-03,+14.83231154E+00
+17.90000E-03,-8.50503E-03,+14.93281405E+00
+17.95000E-03,-9.30905E-03,+14.73180903E+00
+18.00000E-03,-5.28895E-03,+15.13381908E+00
+18.05000E-03,-6.89699E-03,+14.83231154E+00
+18.10000E-03,-7.70101E-03,+14.93281405E+00
+18.15000E-03,-6.09297E-03,+15.13381908E+00
+18.20000E-03,-5.28895E-03,+14.83231154E+00
+18.25000E-03,-5.69096E-03,+15.13381908E+00
+18.30000E-03,-7.29900E-03,+14.73180903E+00
+18.35000E-03,-4.48493E-03,+14.73180903E+00
+18.40000E-03,-5.28895E-03,+14.43030149E+00
+18.45000E-03,-6.09297E-03,+14.02829143E+00
+18.50000E-03,-5.69096E-03,+14.73180903E+00
+18.55000E-03,-7.70101E-03,+14.43030149E+00
+18.60000E-03,-6.49498E-03,+14.43030149E+00
+18.65000E-03,-6.89699E-03,+14.43030149E+00
+18.70000E-03,-4.48493E-03,+14.02829143E+00
+18.75000E-03,-4.48493E-03,+14.12879395E+00
+18.80000E-03,-6.89699E-03,+14.12879395E+00
+18.85000E-03,-6.09297E-03,+14.43030149E+00
+18.90000E-03,-3.27890E-03,+14.12879395E+00
+18.95000E-03,-2.87689E-03,+14.02829143E+00
+19.00000E-03,-6.09297E-03,+14.32979897E+00
+19.05000E-03,-6.49498E-03,+14.02829143E+00
+19.10000E-03,-4.88694E-03,+14.02829143E+00
+19.15000E-03,-5.28895E-03,+13.62628138E+00
+19.20000E-03,-5.28895E-03,+14.43030149E+00
+19.25000E-03,-3.68091E-03,+13.92778892E+00
+19.30000E-03,-4.08292E-03,+13.72678389E+00
+19.35000E-03,-7.29900E-03,+13.92778892E+00
+19.40000E-03,-3.27890E-03,+14.02829143E+00
+19.45000E-03,-3.68091E-03,+13.52577887E+00
+19.50000E-03,-4.48493E-03,+13.52577887E+00
+19.55000E-03,-4.08292E-03,+13.72678389E+00
+19.60000E-03,-1.26885E-03,+13.62628138E+00
+19.65000E-03,-1.26885E-03,+13.62628138E+00
+19.70000E-03,+339.20E-06,+13.42527635E+00
+19.75000E-03,-464.82E-06,+13.42527635E+00
+19.80000E-03,+1.14322E-03,+13.32477384E+00
+19.85000E-03,+1.54523E-03,+13.52577887E+00
+19.90000E-03,+741.21E-06,+13.52577887E+00
+19.95000E-03,+3.55528E-03,+13.22427133E+00
+20.00000E-03,+7.17337E-03,+13.22427133E+00
+20.05000E-03,+9.58543E-03,+13.52577887E+00
+20.10000E-03,+12.39950E-03,+13.42527635E+00
+20.15000E-03,+11.19347E-03,+13.12376881E+00
+20.20000E-03,+11.59548E-03,+12.82226127E+00
+20.25000E-03,+16.82161E-03,+12.92276379E+00
+20.30000E-03,+21.64573E-03,+12.92276379E+00
+20.35000E-03,+22.04774E-03,+13.22427133E+00
+20.40000E-03,+24.86181E-03,+13.12376881E+00
+20.45000E-03,+27.27387E-03,+13.32477384E+00
+20.50000E-03,+33.30402E-03,+12.92276379E+00
+20.55000E-03,+36.11809E-03,+12.62125625E+00
+20.60000E-03,+38.53015E-03,+12.52075373E+00
+20.65000E-03,+44.15829E-03,+12.42025122E+00
+20.70000E-03,+44.15829E-03,+12.72175876E+00
+20.75000E-03,+44.56030E-03,+12.62125625E+00
+20.80000E-03,+45.76633E-03,+12.82226127E+00
+20.85000E-03,+47.37437E-03,+12.42025122E+00
+20.90000E-03,+48.17839E-03,+12.42025122E+00
+20.95000E-03,+47.37437E-03,+12.82226127E+00
+21.00000E-03,+46.16834E-03,+12.11874368E+00
+21.05000E-03,+43.35427E-03,+12.42025122E+00
+21.10000E-03,+42.95226E-03,+12.62125625E+00
+21.15000E-03,+38.93216E-03,+12.52075373E+00
+21.20000E-03,+38.53015E-03,+12.31974871E+00
+21.25000E-03,+38.93216E-03,+12.31974871E+00
+21.30000E-03,+35.71608E-03,+12.42025122E+00
+21.35000E-03,+34.10804E-03,+12.11874368E+00
+21.40000E-03,+35.31407E-03,+12.31974871E+00
+21.45000E-03,+32.50000E-03,+12.62125625E+00
+21.50000E-03,+28.88191E-03,+12.01824117E+00
+21.55000E-03,+29.68593E-03,+12.31974871E+00
+21.60000E-03,+27.27387E-03,+12.01824117E+00
+21.65000E-03,+24.86181E-03,+12.01824117E+00
+21.70000E-03,+22.85176E-03,+11.71673363E+00
+21.75000E-03,+23.65578E-03,+12.42025122E+00
+21.80000E-03,+22.04774E-03,+11.61623111E+00
+21.85000E-03,+19.63568E-03,+11.71673363E+00
+21.90000E-03,+19.63568E-03,+11.61623111E+00
+21.95000E-03,+16.82161E-03,+11.91773865E+00
+22.00000E-03,+17.62563E-03,+11.61623111E+00
+22.05000E-03,+16.41960E-03,+11.61623111E+00
+22.10000E-03,+15.21357E-03,+11.91773865E+00
+22.15000E-03,+14.81156E-03,+11.61623111E+00
+22.20000E-03,+12.80151E-03,+11.61623111E+00
+22.25000E-03,+11.19347E-03,+11.21422106E+00
+22.30000E-03,+11.59548E-03,+11.61623111E+00
+22.35000E-03,+15.21357E-03,+11.41522609E+00
+22.40000E-03,+8.78141E-03,+11.21422106E+00
+22.45000E-03,+9.18342E-03,+11.21422106E+00
+22.50000E-03,+9.98744E-03,+11.31472357E+00
+22.55000E-03,+7.97739E-03,+11.51572860E+00
+22.60000E-03,+9.98744E-03,+11.41522609E+00
+22.65000E-03,+8.78141E-03,+11.51572860E+00
+22.70000E-03,+8.78141E-03,+10.91271352E+00
+22.75000E-03,+5.56533E-03,+11.11371855E+00
+22.80000E-03,+5.16332E-03,+10.81221101E+00
+22.85000E-03,+7.57538E-03,+10.91271352E+00
+22.90000E-03,+5.56533E-03,+10.81221101E+00
+22.95000E-03,+6.77136E-03,+11.01321603E+00
+23.00000E-03,+6.77136E-03,+10.81221101E+00
+23.05000E-03,+1.94724E-03,+10.81221101E+00
+23.10000E-03,+3.55528E-03,+10.41020095E+00
+23.15000E-03,+3.15327E-03,+11.11371855E+00
+23.20000E-03,+4.35930E-03,+10.41020095E+00
+23.25000E-03,+4.35930E-03,+10.71170849E+00
+23.30000E-03,+4.76131E-03,+11.01321603E+00
+23.35000E-03,+1.94724E-03,+10.71170849E+00
+23.40000E-03,+2.34925E-03,+10.41020095E+00
+23.45000E-03,+3.15327E-03,+10.41020095E+00
+23.50000E-03,+1.94724E-03,+10.81221101E+00
+23.55000E-03,+1.54523E-03,+10.41020095E+00
+23.60000E-03,-866.84E-06,+10.10869341E+00
+23.65000E-03,-1.67086E-03,+10.41020095E+00
+23.70000E-03,-2.47488E-03,+10.41020095E+00
+23.75000E-03,-2.07287E-03,+10.61120598E+00
+23.80000E-03,+339.20E-06,+10.10869341E+00
+23.85000E-03,-1.67086E-03,+10.10869341E+00
+23.90000E-03,-464.82E-06,+10.51070347E+00
+23.95000E-03,-3.68091E-03,+9.90768839E+00
+24.00000E-03,-866.84E-06,+10.00819090E+00
+24.05000E-03,-4.08292E-03,+10.00819090E+00
+24.10000E-03,-3.68091E-03,+10.00819090E+00
+24.15000E-03,-2.47488E-03,+9.80718587E+00
+24.20000E-03,-2.07287E-03,+9.90768839E+00
+24.25000E-03,-2.07287E-03,+10.10869341E+00
+24.30000E-03,+339.20E-06,+10.00819090E+00
+24.35000E-03,-2.47488E-03,+10.00819090E+00
+24.40000E-03,-4.88694E-03,+9.70668336E+00
+24.45000E-03,-2.07287E-03,+9.60618085E+00
+24.50000E-03,-3.68091E-03,+9.50567833E+00
+24.55000E-03,-4.08292E-03,+10.00819090E+00
+24.60000E-03,-3.68091E-03,+9.60618085E+00
+24.65000E-03,-5.69096E-03,+9.70668336E+00
+24.70000E-03,-6.89699E-03,+9.50567833E+00
+24.75000E-03,-6.09297E-03,+9.60618085E+00
+24.80000E-03,-4.48493E-03,+9.30467331E+00
+24.85000E-03,-4.88694E-03,+9.30467331E+00
+24.90000E-03,-5.69096E-03,+9.70668336E+00
+24.95000E-03,-464.82E-06,+9.50567833E+00
+25.00000E-03,-5.69096E-03,+8.90266325E+00
+25.05000E-03,-4.48493E-03,+9.20417079E+00
+25.10000E-03,-4.08292E-03,+8.90266325E+00
+25.15000E-03,-5.28895E-03,+9.20417079E+00
+25.20000E-03,-4.88694E-03,+9.20417079E+00
+25.25000E-03,-7.29900E-03,+9.20417079E+00
+25.30000E-03,-5.28895E-03,+8.80216074E+00
+25.35000E-03,-5.69096E-03,+8.90266325E+00
+25.40000E-03,-5.69096E-03,+8.50065320E+00
+25.45000E-03,-8.10302E-03,+9.10366828E+00
+25.50000E-03,-5.69096E-03,+9.10366828E+00
+25.55000E-03,-6.89699E-03,+8.90266325E+00
+25.60000E-03,-5.28895E-03,+9.00316577E+00
+25.65000E-03,-6.49498E-03,+8.80216074E+00
+25.70000E-03,-6.49498E-03,+8.90266325E+00
+25.75000E-03,-6.09297E-03,+8.50065320E+00
+25.80000E-03,-4.48493E-03,+8.50065320E+00
+25.85000E-03,-5.28895E-03,+8.80216074E+00
+25.90000E-03,-6.09297E-03,+8.50065320E+00
+25.95000E-03,-7.70101E-03,+8.50065320E+00
+26.00000E-03,-4.08292E-03,+8.50065320E+00
+26.05000E-03,-8.90704E-03,+8.60115571E+00
+26.10000E-03,-8.10302E-03,+8.50065320E+00
+26.15000E-03,-5.69096E-03,+8.70165823E+00
+26.20000E-03,-6.49498E-03,+8.09864315E+00
+26.25000E-03,-7.70101E-03,+8.40015069E+00
+26.30000E-03,-7.70101E-03,+8.19914566E+00
+26.35000E-03,-6.09297E-03,+7.99814063E+00
+26.40000E-03,-6.49498E-03,+8.29964817E+00
+26.45000E-03,-8.50503E-03,+7.99814063E+00
+26.50000E-03,-5.28895E-03,+7.99814063E+00
+26.55000E-03,-5.28895E-03,+7.99814063E+00
+26.60000E-03,-6.49498E-03,+7.89763812E+00
+26.65000E-03,-6.89699E-03,+7.99814063E+00
+26.70000E-03,-10.91709E-03,+8.09864315E+00
+26.75000E-03,-6.89699E-03,+7.79713561E+00
+26.80000E-03,-5.69096E-03,+7.89763812E+00
+26.85000E-03,-6.09297E-03,+7.99814063E+00
+26.90000E-03,-8.90704E-03,+7.69663309E+00
+26.95000E-03,-7.70101E-03,+7.59613058E+00
+27.00000E-03,-7.70101E-03,+7.59613058E+00
+27.05000E-03,-7.70101E-03,+7.69663309E+00
+27.10000E-03,-8.90704E-03,+7.69663309E+00
+27.15000E-03,-6.49498E-03,+7.89763812E+00
+27.20000E-03,-8.10302E-03,+7.59613058E+00
+27.25000E-03,-7.70101E-03,+7.89763812E+00
+27.30000E-03,-6.09297E-03,+7.39512555E+00
+27.35000E-03,-8.50503E-03,+7.29462304E+00
+27.40000E-03,-8.10302E-03,+7.49562807E+00
+27.45000E-03,-7.70101E-03,+7.19412053E+00
+27.50000E-03,-6.09297E-03,+7.29462304E+00
+27.55000E-03,-7.70101E-03,+6.89261299E+00
+27.60000E-03,-6.89699E-03,+7.29462304E+00
+27.65000E-03,-6.49498E-03,+7.49562807E+00
+27.70000E-03,-5.28895E-03,+7.39512555E+00
+27.75000E-03,-9.30905E-03,+7.09361801E+00
+27.80000E-03,-7.70101E-03,+7.09361801E+00
+27.85000E-03,-5.28895E-03,+6.89261299E+00
+27.90000E-03,-5.69096E-03,+7.09361801E+00
+27.95000E-03,-5.69096E-03,+7.09361801E+00
+28.00000E-03,-6.49498E-03,+7.09361801E+00
+28.05000E-03,-8.50503E-03,+6.79211047E+00
+28.10000E-03,-6.89699E-03,+7.09361801E+00
+28.15000E-03,-7.29900E-03,+6.79211047E+00
+28.20000E-03,-8.90704E-03,+6.69160796E+00
+28.25000E-03,-6.09297E-03,+6.79211047E+00
+28.30000E-03,-7.29900E-03,+6.99311550E+00
+28.35000E-03,-8.50503E-03,+6.39010042E+00
+28.40000E-03,-7.70101E-03,+6.39010042E+00
+28.45000E-03,-7.70101E-03,+6.69160796E+00
+28.50000E-03,-6.89699E-03,+6.69160796E+00
+28.55000E-03,-8.90704E-03,+6.39010042E+00
+28.60000E-03,-6.49498E-03,+6.49060293E+00
+28.65000E-03,-4.88694E-03,+6.08859288E+00
+28.70000E-03,-6.49498E-03,+6.39010042E+00
+28.75000E-03,-6.49498E-03,+6.39010042E+00
+28.80000E-03,-5.28895E-03,+6.28959791E+00
+28.85000E-03,-6.89699E-03,+5.98809037E+00
+28.90000E-03,-8.10302E-03,+5.98809037E+00
+28.95000E-03,-4.88694E-03,+6.08859288E+00
+29.00000E-03,-6.09297E-03,+6.39010042E+00
+29.05000E-03,-7.70101E-03,+5.98809037E+00
+29.10000E-03,-4.88694E-03,+5.98809037E+00
+29.15000E-03,-6.49498E-03,+5.58608031E+00
+29.20000E-03,-6.49498E-03,+5.98809037E+00
+29.25000E-03,-7.29900E-03,+5.98809037E+00
+29.30000E-03,-7.29900E-03,+5.68658283E+00
+29.35000E-03,-7.29900E-03,+6.18909539E+00
+29.40000E-03,-8.10302E-03,+5.68658283E+00
+29.45000E-03,-8.10302E-03,+5.88758785E+00
+29.50000E-03,-6.49498E-03,+5.58608031E+00
+29.55000E-03,-10.11307E-03,+5.48557780E+00
+29.60000E-03,-5.69096E-03,+5.88758785E+00
+29.65000E-03,-7.70101E-03,+5.88758785E+00
+29.70000E-03,-6.89699E-03,+5.48557780E+00
+29.75000E-03,-6.49498E-03,+5.88758785E+00
+29.80000E-03,-8.90704E-03,+5.58608031E+00
+29.85000E-03,-6.49498E-03,+5.88758785E+00
+29.90000E-03,-7.70101E-03,+5.48557780E+00
+29.95000E-03,-10.11307E-03,+5.58608031E+00
+30.00000E-03,-6.49498E-03,+5.48557780E+00
+30.05000E-03,-7.29900E-03,+5.48557780E+00
+30.10000E-03,-6.49498E-03,+5.08356775E+00
+30.15000E-03,-5.69096E-03,+5.48557780E+00
+30.20000E-03,-8.50503E-03,+4.98306523E+00
+30.25000E-03,-6.49498E-03,+5.48557780E+00
+30.30000E-03,-8.50503E-03,+5.08356775E+00
+30.35000E-03,-8.50503E-03,+4.78206021E+00
+30.40000E-03,-6.09297E-03,+4.78206021E+00
+30.45000E-03,-7.70101E-03,+4.58105518E+00
+30.50000E-03,-7.29900E-03,+4.88256272E+00
+30.55000E-03,-6.49498E-03,+4.88256272E+00
+30.60000E-03,-6.89699E-03,+4.98306523E+00
+30.65000E-03,-8.90704E-03,+4.98306523E+00
+30.70000E-03,-7.29900E-03,+4.78206021E+00
+30.75000E-03,-6.09297E-03,+4.68155769E+00
+30.80000E-03,-6.49498E-03,+4.68155769E+00
+30.85000E-03,-5.69096E-03,+4.38005015E+00
+30.90000E-03,-6.89699E-03,+4.78206021E+00
+30.95000E-03,-6.09297E-03,+4.68155769E+00
+31.00000E-03,-4.48493E-03,+4.38005015E+00
+31.05000E-03,-6.09297E-03,+4.68155769E+00
+31.10000E-03,-9.30905E-03,+4.48055267E+00
+31.15000E-03,-6.49498E-03,+4.38005015E+00
+31.20000E-03,-5.28895E-03,+4.48055267E+00
+31.25000E-03,-4.48493E-03,+3.97804010E+00
+31.30000E-03,-7.29900E-03,+4.27954764E+00
+31.35000E-03,-7.29900E-03,+4.38005015E+00
+31.40000E-03,-7.29900E-03,+4.38005015E+00
+31.45000E-03,-5.69096E-03,+3.77703507E+00
+31.50000E-03,-6.49498E-03,+4.27954764E+00
+31.55000E-03,-7.29900E-03,+4.07854261E+00
+31.60000E-03,-9.30905E-03,+3.97804010E+00
+31.65000E-03,-6.09297E-03,+3.97804010E+00
+31.70000E-03,-5.69096E-03,+4.27954764E+00
+31.75000E-03,-4.88694E-03,+4.27954764E+00
+31.80000E-03,-6.09297E-03,+3.97804010E+00
+31.85000E-03,-9.71106E-03,+3.97804010E+00
+31.90000E-03,-8.90704E-03,+3.57603005E+00
+31.95000E-03,-6.49498E-03,+3.47552753E+00
+32.00000E-03,-7.70101E-03,+3.57603005E+00
+32.05000E-03,-9.30905E-03,+3.57603005E+00
+32.10000E-03,-5.28895E-03,+3.57603005E+00
+32.15000E-03,-8.10302E-03,+3.27452251E+00
+32.20000E-03,-6.49498E-03,+3.27452251E+00
+32.25000E-03,-7.70101E-03,+3.67653256E+00
+32.30000E-03,-5.28895E-03,+3.57603005E+00
+32.35000E-03,-7.70101E-03,+3.57603005E+00
+32.40000E-03,-5.28895E-03,+3.47552753E+00
+32.45000E-03,-6.49498E-03,+3.17401999E+00
+32.50000E-03,-5.28895E-03,+3.17401999E+00
+32.55000E-03,-8.10302E-03,+3.17401999E+00
+32.60000E-03,-9.30905E-03,+3.17401999E+00
+32.65000E-03,-6.89699E-03,+3.47552753E+00
+32.70000E-03,-6.09297E-03,+3.17401999E+00
+32.75000E-03,-6.49498E-03,+3.47552753E+00
+32.80000E-03,-6.49498E-03,+2.87251245E+00
+32.85000E-03,-9.71106E-03,+2.77200994E+00
+32.90000E-03,-6.89699E-03,+3.27452251E+00
+32.95000E-03,-6.49498E-03,+3.17401999E+00
+33.00000E-03,-6.49498E-03,+2.67150743E+00
+33.05000E-03,-7.29900E-03,+2.47050240E+00
+33.10000E-03,-4.08292E-03,+2.87251245E+00
+33.15000E-03,-6.09297E-03,+2.77200994E+00
+33.20000E-03,-8.50503E-03,+2.47050240E+00
+33.25000E-03,-6.89699E-03,+2.77200994E+00
+33.30000E-03,-8.90704E-03,+2.77200994E+00
+33.35000E-03,-5.69096E-03,+2.36999989E+00
+33.40000E-03,-5.69096E-03,+2.36999989E+00
+33.45000E-03,-6.89699E-03,+2.67150743E+00
+33.50000E-03,-9.71106E-03,+2.47050240E+00
+33.55000E-03,-5.28895E-03,+2.36999989E+00
+33.60000E-03,-6.09297E-03,+2.67150743E+00
+33.65000E-03,-4.08292E-03,+2.06849235E+00
+33.70000E-03,-5.69096E-03,+2.36999989E+00
+33.75000E-03,-2.87689E-03,+2.36999989E+00
+33.80000E-03,-3.27890E-03,+1.96798983E+00
+33.85000E-03,-3.68091E-03,+2.06849235E+00
+33.90000E-03,-4.88694E-03,+2.06849235E+00
+33.95000E-03,-464.82E-06,+2.26949737E+00
+34.00000E-03,-3.68091E-03,+2.06849235E+00
+34.05000E-03,-464.82E-06,+2.26949737E+00
+34.10000E-03,-3.27890E-03,+2.06849235E+00
+34.15000E-03,-464.82E-06,+1.96798983E+00
+34.20000E-03,-62.81E-06,+1.96798983E+00
+34.25000E-03,+3.55528E-03,+1.86748732E+00
+34.30000E-03,+2.34925E-03,+1.86748732E+00
+34.35000E-03,+5.96734E-03,+1.56597978E+00
+34.40000E-03,+9.18342E-03,+1.56597978E+00
+34.45000E-03,+11.99749E-03,+1.86748732E+00
+34.50000E-03,+13.60553E-03,+1.86748732E+00
+34.55000E-03,+18.83166E-03,+1.96798983E+00
+34.60000E-03,+20.84171E-03,+1.86748732E+00
+34.65000E-03,+24.05779E-03,+1.66648229E+00
+34.70000E-03,+29.68593E-03,+1.26447224E+00
+34.75000E-03,+34.10804E-03,+1.56597978E+00
+34.80000E-03,+36.92211E-03,+1.26447224E+00
+34.85000E-03,+40.94221E-03,+1.86748732E+00
+34.90000E-03,+45.36432E-03,+1.56597978E+00
+34.95000E-03,+46.57035E-03,+1.26447224E+00
+35.00000E-03,+44.56030E-03,+1.26447224E+00
+35.05000E-03,+47.37437E-03,+1.46547727E+00
+35.10000E-03,+46.57035E-03,+1.16396973E+00
+35.15000E-03,+47.37437E-03,+1.36497475E+00
+35.20000E-03,+42.14824E-03,+1.16396973E+00
+35.25000E-03,+42.14824E-03,+962.96470E-03
+35.30000E-03,+40.54020E-03,+1.46547727E+00
+35.35000E-03,+38.93216E-03,+1.26447224E+00
+35.40000E-03,+38.53015E-03,+1.16396973E+00
+35.45000E-03,+34.10804E-03,+761.95967E-03
+35.50000E-03,+28.88191E-03,+761.95967E-03
+35.55000E-03,+30.48995E-03,+761.95967E-03
+35.60000E-03,+29.28392E-03,+460.45213E-03
+35.65000E-03,+28.47990E-03,+962.96470E-03
+35.70000E-03,+26.46985E-03,+1.06346721E+00
+35.75000E-03,+23.25377E-03,+862.46219E-03
+35.80000E-03,+20.43970E-03,+1.06346721E+00
+35.85000E-03,+20.43970E-03,+761.95967E-03
+35.90000E-03,+18.83166E-03,+460.45213E-03
+35.95000E-03,+20.03769E-03,+359.94962E-03
+36.00000E-03,+15.61558E-03,+661.45716E-03
+36.05000E-03,+13.20352E-03,+761.95967E-03
+36.10000E-03,+14.81156E-03,+460.45213E-03
+36.15000E-03,+12.39950E-03,+259.44711E-03
+36.20000E-03,+12.39950E-03,+661.45716E-03
+36.25000E-03,+10.79146E-03,+359.94962E-03
+36.30000E-03,+11.19347E-03,+359.94962E-03
+36.35000E-03,+8.37940E-03,-42.06043E-03
+36.40000E-03,+5.96734E-03,+359.94962E-03
+36.45000E-03,+7.57538E-03,+58.44208E-03
+36.50000E-03,+7.97739E-03,+58.44208E-03
+36.55000E-03,+8.37940E-03,+58.44208E-03
+36.60000E-03,+6.36935E-03,-343.56798E-03
+36.65000E-03,+2.75126E-03,-42.06043E-03
+36.70000E-03,+4.76131E-03,-42.06043E-03
+36.75000E-03,+4.76131E-03,+259.44711E-03
+36.80000E-03,+5.16332E-03,-42.06043E-03
+36.85000E-03,+5.16332E-03,-343.56798E-03
+36.90000E-03,+4.76131E-03,-343.56798E-03
+36.95000E-03,+5.16332E-03,-42.06043E-03
+37.00000E-03,+3.15327E-03,-42.06043E-03
+37.05000E-03,+3.15327E-03,-444.07049E-03
+37.10000E-03,+1.94724E-03,-343.56798E-03
+37.15000E-03,+1.94724E-03,-444.07049E-03
+37.20000E-03,-1.26885E-03,-444.07049E-03
+37.25000E-03,-464.82E-06,-544.57300E-03
+37.30000E-03,-2.07287E-03,-142.56295E-03
+37.35000E-03,-3.68091E-03,-444.07049E-03
+37.40000E-03,-1.67086E-03,-544.57300E-03
+37.45000E-03,-62.81E-06,-444.07049E-03
+37.50000E-03,-1.67086E-03,-745.57803E-03
+37.55000E-03,-4.48493E-03,-846.08054E-03
+37.60000E-03,+741.21E-06,-745.57803E-03
+37.65000E-03,-2.07287E-03,-745.57803E-03
+37.70000E-03,-1.26885E-03,-946.58305E-03
+37.75000E-03,-3.27890E-03,-745.57803E-03
+37.80000E-03,-5.69096E-03,-745.57803E-03
+37.85000E-03,-4.88694E-03,-846.08054E-03
+37.90000E-03,-7.29900E-03,-1.14758808E+00
+37.95000E-03,-6.09297E-03,-946.58305E-03
+38.00000E-03,-3.27890E-03,-846.08054E-03
+38.05000E-03,-4.88694E-03,-946.58305E-03
+38.10000E-03,-4.88694E-03,-1.04708557E+00
+38.15000E-03,-6.09297E-03,-1.34859311E+00
+38.20000E-03,-7.29900E-03,-1.04708557E+00
+38.25000E-03,-5.28895E-03,-1.24809060E+00
+38.30000E-03,-4.48493E-03,-1.14758808E+00
+38.35000E-03,-5.28895E-03,-946.58305E-03
+38.40000E-03,-5.69096E-03,-1.54959814E+00
+38.45000E-03,-7.29900E-03,-1.34859311E+00
+38.50000E-03,-6.09297E-03,-1.24809060E+00
+38.55000E-03,-4.08292E-03,-1.65010065E+00
+38.60000E-03,-7.29900E-03,-946.58305E-03
+38.65000E-03,-6.09297E-03,-1.65010065E+00
+38.70000E-03,-6.09297E-03,-1.65010065E+00
+38.75000E-03,-8.50503E-03,-1.65010065E+00
+38.80000E-03,-5.28895E-03,-1.65010065E+00
+38.85000E-03,-5.69096E-03,-2.05211070E+00
+38.90000E-03,-6.49498E-03,-1.65010065E+00
+38.95000E-03,-7.29900E-03,-1.85110568E+00
+39.00000E-03,-6.09297E-03,-1.65010065E+00
+39.05000E-03,-8.10302E-03,-1.65010065E+00
+39.10000E-03,-4.08292E-03,-2.05211070E+00
+39.15000E-03,-4.08292E-03,-2.05211070E+00
+39.20000E-03,-5.69096E-03,-2.05211070E+00
+39.25000E-03,-8.50503E-03,-2.05211070E+00
+39.30000E-03,-8.10302E-03,-1.65010065E+00
+39.35000E-03,-6.89699E-03,-2.05211070E+00
+39.40000E-03,-4.88694E-03,-2.15261321E+00
+39.45000E-03,-6.09297E-03,-2.35361824E+00
+39.50000E-03,-8.10302E-03,-2.45412076E+00
+39.55000E-03,-6.09297E-03,-2.35361824E+00
+39.60000E-03,-6.49498E-03,-2.45412076E+00
+39.65000E-03,-5.69096E-03,-2.45412076E+00
+39.70000E-03,-4.88694E-03,-2.15261321E+00
+39.75000E-03,-7.70101E-03,-2.25311573E+00
+39.80000E-03,-4.88694E-03,-2.25311573E+00
+39.85000E-03,-5.69096E-03,-2.45412076E+00
+39.90000E-03,-6.09297E-03,-2.85613081E+00
+39.95000E-03,-6.89699E-03,-2.55462327E+00
+40.00000E-03,-7.70101E-03,-2.55462327E+00
+40.05000E-03,-6.09297E-03,-2.85613081E+00
+40.10000E-03,-6.49498E-03,-2.55462327E+00
+40.15000E-03,-5.69096E-03,-2.85613081E+00
+40.20000E-03,-5.28895E-03,-2.75562830E+00
+40.25000E-03,-5.28895E-03,-3.15763835E+00
+40.30000E-03,-3.68091E-03,-2.95663332E+00
+40.35000E-03,-6.49498E-03,-3.25814086E+00
+40.40000E-03,-8.90704E-03,-2.95663332E+00
+40.45000E-03,-6.89699E-03,-2.95663332E+00
+40.50000E-03,-7.70101E-03,-3.25814086E+00
+40.55000E-03,-7.29900E-03,-3.35864338E+00
+40.60000E-03,-6.49498E-03,-3.25814086E+00
+40.65000E-03,-4.48493E-03,-2.95663332E+00
+40.70000E-03,-4.48493E-03,-2.95663332E+00
+40.75000E-03,-7.29900E-03,-3.25814086E+00
+40.80000E-03,-7.29900E-03,-3.15763835E+00
+40.85000E-03,-7.70101E-03,-3.55964840E+00
+40.90000E-03,-7.29900E-03,-2.85613081E+00
+40.95000E-03,-7.70101E-03,-3.35864338E+00
+41.00000E-03,-7.70101E-03,-3.25814086E+00
+41.05000E-03,-6.09297E-03,-3.66015092E+00
+41.10000E-03,-6.09297E-03,-3.55964840E+00
+41.15000E-03,-7.70101E-03,-3.35864338E+00
+41.20000E-03,-9.71106E-03,-3.66015092E+00
+41.25000E-03,-7.70101E-03,-3.35864338E+00
+41.30000E-03,-8.50503E-03,-3.76065343E+00
+41.35000E-03,-6.09297E-03,-3.66015092E+00
+41.40000E-03,-6.09297E-03,-3.96165846E+00
+41.45000E-03,-6.89699E-03,-3.66015092E+00
+41.50000E-03,-9.30905E-03,-3.76065343E+00
+41.55000E-03,-4.48493E-03,-3.96165846E+00
+41.60000E-03,-6.89699E-03,-3.55964840E+00
+41.65000E-03,-5.28895E-03,-3.76065343E+00
+41.70000E-03,-6.89699E-03,-4.36366851E+00
+41.75000E-03,-5.69096E-03,-3.76065343E+00
+41.80000E-03,-7.70101E-03,-3.76065343E+00
+41.85000E-03,-6.49498E-03,-4.36366851E+00
+41.90000E-03,-7.29900E-03,-3.96165846E+00
+41.95000E-03,-7.70101E-03,-4.16266348E+00
+42.00000E-03,-6.89699E-03,-4.36366851E+00
+42.05000E-03,-6.49498E-03,-4.16266348E+00
+42.10000E-03,-5.28895E-03,-4.46417102E+00
+42.15000E-03,-5.28895E-03,-4.16266348E+00
+42.20000E-03,-5.28895E-03,-4.16266348E+00
+42.25000E-03,-6.49498E-03,-4.36366851E+00
+42.30000E-03,-7.29900E-03,-4.56467354E+00
+42.35000E-03,-6.09297E-03,-4.36366851E+00
+42.40000E-03,-7.70101E-03,-4.16266348E+00
+42.45000E-03,-6.09297E-03,-4.76567856E+00
+42.50000E-03,-9.30905E-03,-4.36366851E+00
+42.55000E-03,-8.10302E-03,-4.86618108E+00
+42.60000E-03,-6.89699E-03,-4.76567856E+00
+42.65000E-03,-8.10302E-03,-4.26316599E+00
+42.70000E-03,-7.70101E-03,-4.86618108E+00
+42.75000E-03,-6.89699E-03,-4.86618108E+00
+42.80000E-03,-7.29900E-03,-4.96668359E+00
+42.85000E-03,-6.49498E-03,-4.86618108E+00
+42.90000E-03,-7.70101E-03,-4.96668359E+00
+42.95000E-03,-6.49498E-03,-5.16768862E+00
+43.00000E-03,-7.29900E-03,-4.86618108E+00
+43.05000E-03,-6.09297E-03,-4.96668359E+00
+43.10000E-03,-7.70101E-03,-5.16768862E+00
+43.15000E-03,-6.49498E-03,-5.26819113E+00
+43.20000E-03,-7.29900E-03,-5.26819113E+00
+43.25000E-03,-6.49498E-03,-4.96668359E+00
+43.30000E-03,-6.49498E-03,-5.56969867E+00
+43.35000E-03,-6.49498E-03,-4.96668359E+00
+43.40000E-03,-6.89699E-03,-5.36869364E+00
+43.45000E-03,-4.88694E-03,-5.67020118E+00
+43.50000E-03,-4.88694E-03,-5.36869364E+00
+43.55000E-03,-8.90704E-03,-5.67020118E+00
+43.60000E-03,-7.70101E-03,-5.56969867E+00
+43.65000E-03,-3.68091E-03,-5.56969867E+00
+43.70000E-03,-7.29900E-03,-5.56969867E+00
+43.75000E-03,-3.68091E-03,-5.56969867E+00
+43.80000E-03,-6.49498E-03,-5.56969867E+00
+43.85000E-03,-4.88694E-03,-5.67020118E+00
+43.90000E-03,-8.90704E-03,-5.97170872E+00
+43.95000E-03,-6.49498E-03,-5.97170872E+00
+44.00000E-03,-7.70101E-03,-5.67020118E+00
+44.05000E-03,-8.50503E-03,-5.77070370E+00
+44.10000E-03,-6.09297E-03,-5.97170872E+00
+44.15000E-03,-6.89699E-03,-5.77070370E+00
+44.20000E-03,-6.49498E-03,-6.37371878E+00
+44.25000E-03,-7.70101E-03,-5.97170872E+00
+44.30000E-03,-7.29900E-03,-6.07221124E+00
+44.35000E-03,-5.69096E-03,-6.07221124E+00
+44.40000E-03,-8.10302E-03,-6.27321626E+00
+44.45000E-03,-8.90704E-03,-6.47422129E+00
+44.50000E-03,-8.90704E-03,-6.47422129E+00
+44.55000E-03,-8.90704E-03,-6.07221124E+00
+44.60000E-03,-8.10302E-03,-6.17271375E+00
+44.65000E-03,-8.50503E-03,-6.17271375E+00
+44.70000E-03,-7.29900E-03,-6.27321626E+00
+44.75000E-03,-6.89699E-03,-6.37371878E+00
+44.80000E-03,-6.49498E-03,-6.47422129E+00
+44.85000E-03,-6.09297E-03,-6.27321626E+00
+44.90000E-03,-6.09297E-03,-6.77572883E+00
+44.95000E-03,-6.89699E-03,-6.47422129E+00
+45.00000E-03,-6.49498E-03,-6.57472380E+00
+45.05000E-03,-4.88694E-03,-6.57472380E+00
+45.10000E-03,-6.89699E-03,-6.57472380E+00
+45.15000E-03,-8.90704E-03,-6.57472380E+00
+45.20000E-03,-6.89699E-03,-6.97673386E+00
+45.25000E-03,-6.49498E-03,-6.57472380E+00
+45.30000E-03,-6.49498E-03,-6.87623134E+00
+45.35000E-03,-5.69096E-03,-6.67522632E+00
+45.40000E-03,-6.89699E-03,-6.87623134E+00
+45.45000E-03,-7.70101E-03,-6.87623134E+00
+45.50000E-03,-4.88694E-03,-7.27824140E+00
+45.55000E-03,-6.49498E-03,-7.27824140E+00
+45.60000E-03,-4.88694E-03,-7.27824140E+00
+45.65000E-03,-6.49498E-03,-7.27824140E+00
+45.70000E-03,-6.89699E-03,-7.37874391E+00
+45.75000E-03,-8.50503E-03,-7.27824140E+00
+45.80000E-03,-8.10302E-03,-7.27824140E+00
+45.85000E-03,-6.89699E-03,-7.57974894E+00
+45.90000E-03,-7.29900E-03,-6.97673386E+00
+45.95000E-03,-6.09297E-03,-7.27824140E+00
+46.00000E-03,-6.49498E-03,-7.27824140E+00
+46.05000E-03,-7.29900E-03,-7.68025145E+00
+46.10000E-03,-5.69096E-03,-7.37874391E+00
+46.15000E-03,-4.48493E-03,-7.68025145E+00
+46.20000E-03,-8.50503E-03,-7.78075396E+00
+46.25000E-03,-4.88694E-03,-7.68025145E+00
+46.30000E-03,-6.09297E-03,-7.27824140E+00
+46.35000E-03,-7.70101E-03,-7.68025145E+00
+46.40000E-03,-6.49498E-03,-7.68025145E+00
+46.45000E-03,-6.49498E-03,-7.68025145E+00
+46.50000E-03,-8.90704E-03,-7.98175899E+00
+46.55000E-03,-8.50503E-03,-8.08226150E+00
+46.60000E-03,-5.69096E-03,-7.98175899E+00
+46.65000E-03,-7.29900E-03,-7.88125648E+00
+46.70000E-03,-4.88694E-03,-7.98175899E+00
+46.75000E-03,-7.70101E-03,-8.08226150E+00
+46.80000E-03,-6.09297E-03,-8.38376904E+00
+46.85000E-03,-6.09297E-03,-8.38376904E+00
+46.90000E-03,-7.29900E-03,-8.48427156E+00
+46.95000E-03,-6.89699E-03,-8.48427156E+00
+47.00000E-03,-4.48493E-03,-8.48427156E+00
+47.05000E-03,-6.09297E-03,-7.88125648E+00
+47.10000E-03,-6.09297E-03,-8.48427156E+00
+47.15000E-03,-5.69096E-03,-8.48427156E+00
+47.20000E-03,-6.49498E-03,-8.18276402E+00
+47.25000E-03,-7.29900E-03,-8.48427156E+00
+47.30000E-03,-6.09297E-03,-8.88628161E+00
+47.35000E-03,-7.70101E-03,-8.88628161E+00
+47.40000E-03,-6.89699E-03,-8.48427156E+00
+47.45000E-03,-8.10302E-03,-8.48427156E+00
+47.50000E-03,-8.10302E-03,-8.48427156E+00
+47.55000E-03,-6.09297E-03,-8.78577910E+00
+47.60000E-03,-5.69096E-03,-8.88628161E+00
+47.65000E-03,-6.09297E-03,-8.48427156E+00
+47.70000E-03,-6.49498E-03,-8.88628161E+00
+47.75000E-03,-6.89699E-03,-9.08728664E+00
+47.80000E-03,-6.89699E-03,-9.18778915E+00
+47.85000E-03,-3.27890E-03,-8.88628161E+00
+47.90000E-03,-5.28895E-03,-8.88628161E+00
+47.95000E-03,-4.88694E-03,-8.98678412E+00
+48.00000E-03,-4.88694E-03,-8.88628161E+00
+48.05000E-03,-6.89699E-03,-9.18778915E+00
+48.10000E-03,-7.70101E-03,-9.28829166E+00
+48.15000E-03,-6.49498E-03,-8.98678412E+00
+48.20000E-03,-6.89699E-03,-9.18778915E+00
+48.25000E-03,-5.28895E-03,-9.28829166E+00
+48.30000E-03,-6.89699E-03,-8.98678412E+00
+48.35000E-03,-6.09297E-03,-9.38879418E+00
+48.40000E-03,-5.69096E-03,-9.28829166E+00
+48.45000E-03,-7.29900E-03,-9.69030172E+00
+48.50000E-03,-5.69096E-03,-9.28829166E+00
+48.55000E-03,-8.10302E-03,-9.69030172E+00
+48.60000E-03,-8.50503E-03,-9.99180926E+00
+48.65000E-03,-6.49498E-03,-9.58979920E+00
+48.70000E-03,-3.27890E-03,-9.28829166E+00
+48.75000E-03,-10.11307E-03,-10.09231177E+00
+48.80000E-03,-9.71106E-03,-9.69030172E+00
+48.85000E-03,-8.50503E-03,-9.69030172E+00
+48.90000E-03,-7.29900E-03,-9.79080423E+00
+48.95000E-03,-7.70101E-03,-10.09231177E+00
